"","Season","clade","vaccine","start_node","aa_list"
"1",2010,"3C","A/Perth/16/2009","NODE_0000003","S45N"
"2",2010,"3C","A/Perth/16/2009","NODE_0000003","T48I"
"3",2010,"3C","A/Perth/16/2009","NODE_0000003","A198S"
"4",2010,"3C","A/Perth/16/2009","NODE_0000003","T212A"
"5",2010,"3C","A/Perth/16/2009","NODE_0000003","V223I"
"6",2010,"3C","A/Perth/16/2009","NODE_0000003","N312S"
"7",2010,"3C","A/Perth/16/2009","NODE_0000003","E62K"
"8",2010,"3C","A/Perth/16/2009","NODE_0000003","N144K"
"9",2010,"3C","A/Perth/16/2009","NODE_0000003","I214S"
"10",2010,"3C.2a3","A/Perth/16/2009","NODE_0000154","N121K"
"11",2010,"3C.2a3","A/Perth/16/2009","NODE_0000154","S144K"
"12",2010,"3C.2a3","A/Perth/16/2009","NODE_0000154","F159Y"
"13",2010,"3C.2a3","A/Perth/16/2009","NODE_0000154","N144S"
"14",2010,"3C.2a3","A/Perth/16/2009","NODE_0000154","K160T"
"15",2010,"3C.2a3","A/Perth/16/2009","NODE_0000154","N225D"
"16",2010,"3C.2a3","A/Perth/16/2009","NODE_0000154","Q311H"
"17",2010,"3C.2a3","A/Perth/16/2009","NODE_0000154","L3I"
"18",2010,"3C.2a3","A/Perth/16/2009","NODE_0000154","N145S"
"19",2010,"3C.2a3","A/Perth/16/2009","NODE_0000154","Q33R"
"20",2010,"3C.2a3","A/Perth/16/2009","NODE_0000154","N278K"
"21",2010,"3C.2a3","A/Perth/16/2009","NODE_0000154","S45N"
"22",2010,"3C.2a3","A/Perth/16/2009","NODE_0000154","T48I"
"23",2010,"3C.2a3","A/Perth/16/2009","NODE_0000154","A198S"
"24",2010,"3C.2a3","A/Perth/16/2009","NODE_0000154","T212A"
"25",2010,"3C.2a3","A/Perth/16/2009","NODE_0000154","V223I"
"26",2010,"3C.2a3","A/Perth/16/2009","NODE_0000154","N312S"
"27",2010,"3C.2a3","A/Perth/16/2009","NODE_0000154","E62K"
"28",2010,"3C.2a3","A/Perth/16/2009","NODE_0000154","N144K"
"29",2010,"3C.2a3","A/Perth/16/2009","NODE_0000154","I214S"
"30",2011,"3C","A/Perth/16/2009","NODE_0000003","S45N"
"31",2011,"3C","A/Perth/16/2009","NODE_0000003","T48I"
"32",2011,"3C","A/Perth/16/2009","NODE_0000003","A198S"
"33",2011,"3C","A/Perth/16/2009","NODE_0000003","T212A"
"34",2011,"3C","A/Perth/16/2009","NODE_0000003","V223I"
"35",2011,"3C","A/Perth/16/2009","NODE_0000003","N312S"
"36",2011,"3C","A/Perth/16/2009","NODE_0000003","E62K"
"37",2011,"3C","A/Perth/16/2009","NODE_0000003","N144K"
"38",2011,"3C","A/Perth/16/2009","NODE_0000003","I214S"
"39",2011,"3C.2","A/Perth/16/2009","NODE_0000100","N145S"
"40",2011,"3C.2","A/Perth/16/2009","NODE_0000100","Q33R"
"41",2011,"3C.2","A/Perth/16/2009","NODE_0000100","N278K"
"42",2011,"3C.2","A/Perth/16/2009","NODE_0000100","S45N"
"43",2011,"3C.2","A/Perth/16/2009","NODE_0000100","T48I"
"44",2011,"3C.2","A/Perth/16/2009","NODE_0000100","A198S"
"45",2011,"3C.2","A/Perth/16/2009","NODE_0000100","T212A"
"46",2011,"3C.2","A/Perth/16/2009","NODE_0000100","V223I"
"47",2011,"3C.2","A/Perth/16/2009","NODE_0000100","N312S"
"48",2011,"3C.2","A/Perth/16/2009","NODE_0000100","E62K"
"49",2011,"3C.2","A/Perth/16/2009","NODE_0000100","N144K"
"50",2011,"3C.2","A/Perth/16/2009","NODE_0000100","I214S"
"51",2011,"3C.3","A/Perth/16/2009","NODE_0000009","T128A"
"52",2011,"3C.3","A/Perth/16/2009","NODE_0000009","R142G"
"53",2011,"3C.3","A/Perth/16/2009","NODE_0000009","N145S"
"54",2011,"3C.3","A/Perth/16/2009","NODE_0000009","Q33R"
"55",2011,"3C.3","A/Perth/16/2009","NODE_0000009","N278K"
"56",2011,"3C.3","A/Perth/16/2009","NODE_0000009","S45N"
"57",2011,"3C.3","A/Perth/16/2009","NODE_0000009","T48I"
"58",2011,"3C.3","A/Perth/16/2009","NODE_0000009","A198S"
"59",2011,"3C.3","A/Perth/16/2009","NODE_0000009","T212A"
"60",2011,"3C.3","A/Perth/16/2009","NODE_0000009","V223I"
"61",2011,"3C.3","A/Perth/16/2009","NODE_0000009","N312S"
"62",2011,"3C.3","A/Perth/16/2009","NODE_0000009","E62K"
"63",2011,"3C.3","A/Perth/16/2009","NODE_0000009","N144K"
"64",2011,"3C.3","A/Perth/16/2009","NODE_0000009","I214S"
"65",2012,"3C","A/Victoria/361/2011","NODE_0000003","S91N"
"66",2012,"3C.2","A/Victoria/361/2011","NODE_0000100","N145S"
"67",2012,"3C.2","A/Victoria/361/2011","NODE_0000100","Q33R"
"68",2012,"3C.2","A/Victoria/361/2011","NODE_0000100","N278K"
"69",2012,"3C.2","A/Victoria/361/2011","NODE_0000100","S91N"
"70",2012,"3C.3","A/Victoria/361/2011","NODE_0000009","T128A"
"71",2012,"3C.3","A/Victoria/361/2011","NODE_0000009","R142G"
"72",2012,"3C.3","A/Victoria/361/2011","NODE_0000009","N145S"
"73",2012,"3C.3","A/Victoria/361/2011","NODE_0000009","Q33R"
"74",2012,"3C.3","A/Victoria/361/2011","NODE_0000009","N278K"
"75",2012,"3C.3","A/Victoria/361/2011","NODE_0000009","S91N"
"76",2013,"3C","A/Texas/50/2012","NODE_0000003","S45N"
"77",2013,"3C","A/Texas/50/2012","NODE_0000003","T48I"
"78",2013,"3C","A/Texas/50/2012","NODE_0000003","A198S"
"79",2013,"3C","A/Texas/50/2012","NODE_0000003","T212A"
"80",2013,"3C","A/Texas/50/2012","NODE_0000003","V223I"
"81",2013,"3C","A/Texas/50/2012","NODE_0000003","N312S"
"82",2013,"3C","A/Texas/50/2012","NODE_0000003","K173Q"
"83",2013,"3C","A/Texas/50/2012","NODE_0000003","N189K"
"84",2013,"3C.2","A/Texas/50/2012","NODE_0000100","N145S"
"85",2013,"3C.2","A/Texas/50/2012","NODE_0000100","Q33R"
"86",2013,"3C.2","A/Texas/50/2012","NODE_0000100","N278K"
"87",2013,"3C.2","A/Texas/50/2012","NODE_0000100","S45N"
"88",2013,"3C.2","A/Texas/50/2012","NODE_0000100","T48I"
"89",2013,"3C.2","A/Texas/50/2012","NODE_0000100","A198S"
"90",2013,"3C.2","A/Texas/50/2012","NODE_0000100","T212A"
"91",2013,"3C.2","A/Texas/50/2012","NODE_0000100","V223I"
"92",2013,"3C.2","A/Texas/50/2012","NODE_0000100","N312S"
"93",2013,"3C.2","A/Texas/50/2012","NODE_0000100","K173Q"
"94",2013,"3C.2","A/Texas/50/2012","NODE_0000100","N189K"
"95",2013,"3C.2a","A/Texas/50/2012","NODE_0000113","F159Y"
"96",2013,"3C.2a","A/Texas/50/2012","NODE_0000113","N144S"
"97",2013,"3C.2a","A/Texas/50/2012","NODE_0000113","K160T"
"98",2013,"3C.2a","A/Texas/50/2012","NODE_0000113","N225D"
"99",2013,"3C.2a","A/Texas/50/2012","NODE_0000113","Q311H"
"100",2013,"3C.2a","A/Texas/50/2012","NODE_0000113","L3I"
"101",2013,"3C.2a","A/Texas/50/2012","NODE_0000113","N145S"
"102",2013,"3C.2a","A/Texas/50/2012","NODE_0000113","Q33R"
"103",2013,"3C.2a","A/Texas/50/2012","NODE_0000113","N278K"
"104",2013,"3C.2a","A/Texas/50/2012","NODE_0000113","S45N"
"105",2013,"3C.2a","A/Texas/50/2012","NODE_0000113","T48I"
"106",2013,"3C.2a","A/Texas/50/2012","NODE_0000113","A198S"
"107",2013,"3C.2a","A/Texas/50/2012","NODE_0000113","T212A"
"108",2013,"3C.2a","A/Texas/50/2012","NODE_0000113","V223I"
"109",2013,"3C.2a","A/Texas/50/2012","NODE_0000113","N312S"
"110",2013,"3C.2a","A/Texas/50/2012","NODE_0000113","K173Q"
"111",2013,"3C.2a","A/Texas/50/2012","NODE_0000113","N189K"
"112",2013,"3C.3","A/Texas/50/2012","NODE_0000009","T128A"
"113",2013,"3C.3","A/Texas/50/2012","NODE_0000009","R142G"
"114",2013,"3C.3","A/Texas/50/2012","NODE_0000009","N145S"
"115",2013,"3C.3","A/Texas/50/2012","NODE_0000009","Q33R"
"116",2013,"3C.3","A/Texas/50/2012","NODE_0000009","N278K"
"117",2013,"3C.3","A/Texas/50/2012","NODE_0000009","S45N"
"118",2013,"3C.3","A/Texas/50/2012","NODE_0000009","T48I"
"119",2013,"3C.3","A/Texas/50/2012","NODE_0000009","A198S"
"120",2013,"3C.3","A/Texas/50/2012","NODE_0000009","T212A"
"121",2013,"3C.3","A/Texas/50/2012","NODE_0000009","V223I"
"122",2013,"3C.3","A/Texas/50/2012","NODE_0000009","N312S"
"123",2013,"3C.3","A/Texas/50/2012","NODE_0000009","K173Q"
"124",2013,"3C.3","A/Texas/50/2012","NODE_0000009","N189K"
"125",2013,"3C.3a","A/Texas/50/2012","NODE_0000054","F159S"
"126",2013,"3C.3a","A/Texas/50/2012","NODE_0000054","A138S"
"127",2013,"3C.3a","A/Texas/50/2012","NODE_0000054","N225D"
"128",2013,"3C.3a","A/Texas/50/2012","NODE_0000054","K326R"
"129",2013,"3C.3a","A/Texas/50/2012","NODE_0000054","T128A"
"130",2013,"3C.3a","A/Texas/50/2012","NODE_0000054","R142G"
"131",2013,"3C.3a","A/Texas/50/2012","NODE_0000054","N145S"
"132",2013,"3C.3a","A/Texas/50/2012","NODE_0000054","Q33R"
"133",2013,"3C.3a","A/Texas/50/2012","NODE_0000054","N278K"
"134",2013,"3C.3a","A/Texas/50/2012","NODE_0000054","S45N"
"135",2013,"3C.3a","A/Texas/50/2012","NODE_0000054","T48I"
"136",2013,"3C.3a","A/Texas/50/2012","NODE_0000054","A198S"
"137",2013,"3C.3a","A/Texas/50/2012","NODE_0000054","T212A"
"138",2013,"3C.3a","A/Texas/50/2012","NODE_0000054","V223I"
"139",2013,"3C.3a","A/Texas/50/2012","NODE_0000054","N312S"
"140",2013,"3C.3a","A/Texas/50/2012","NODE_0000054","K173Q"
"141",2013,"3C.3a","A/Texas/50/2012","NODE_0000054","N189K"
"142",2013,"3C.3b","A/Texas/50/2012","NODE_0000048","K83R"
"143",2013,"3C.3b","A/Texas/50/2012","NODE_0000048","R261Q"
"144",2013,"3C.3b","A/Texas/50/2012","NODE_0000048","E62K"
"145",2013,"3C.3b","A/Texas/50/2012","NODE_0000048","N122D"
"146",2013,"3C.3b","A/Texas/50/2012","NODE_0000048","L157S"
"147",2013,"3C.3b","A/Texas/50/2012","NODE_0000048","T128A"
"148",2013,"3C.3b","A/Texas/50/2012","NODE_0000048","R142G"
"149",2013,"3C.3b","A/Texas/50/2012","NODE_0000048","N145S"
"150",2013,"3C.3b","A/Texas/50/2012","NODE_0000048","Q33R"
"151",2013,"3C.3b","A/Texas/50/2012","NODE_0000048","N278K"
"152",2013,"3C.3b","A/Texas/50/2012","NODE_0000048","S45N"
"153",2013,"3C.3b","A/Texas/50/2012","NODE_0000048","T48I"
"154",2013,"3C.3b","A/Texas/50/2012","NODE_0000048","A198S"
"155",2013,"3C.3b","A/Texas/50/2012","NODE_0000048","T212A"
"156",2013,"3C.3b","A/Texas/50/2012","NODE_0000048","V223I"
"157",2013,"3C.3b","A/Texas/50/2012","NODE_0000048","N312S"
"158",2013,"3C.3b","A/Texas/50/2012","NODE_0000048","K173Q"
"159",2013,"3C.3b","A/Texas/50/2012","NODE_0000048","N189K"
"160",2014,"3C","A/Texas/50/2012","NODE_0000003","S45N"
"161",2014,"3C","A/Texas/50/2012","NODE_0000003","T48I"
"162",2014,"3C","A/Texas/50/2012","NODE_0000003","A198S"
"163",2014,"3C","A/Texas/50/2012","NODE_0000003","T212A"
"164",2014,"3C","A/Texas/50/2012","NODE_0000003","V223I"
"165",2014,"3C","A/Texas/50/2012","NODE_0000003","N312S"
"166",2014,"3C","A/Texas/50/2012","NODE_0000003","K173Q"
"167",2014,"3C","A/Texas/50/2012","NODE_0000003","N189K"
"168",2014,"3C.2","A/Texas/50/2012","NODE_0000100","N145S"
"169",2014,"3C.2","A/Texas/50/2012","NODE_0000100","Q33R"
"170",2014,"3C.2","A/Texas/50/2012","NODE_0000100","N278K"
"171",2014,"3C.2","A/Texas/50/2012","NODE_0000100","S45N"
"172",2014,"3C.2","A/Texas/50/2012","NODE_0000100","T48I"
"173",2014,"3C.2","A/Texas/50/2012","NODE_0000100","A198S"
"174",2014,"3C.2","A/Texas/50/2012","NODE_0000100","T212A"
"175",2014,"3C.2","A/Texas/50/2012","NODE_0000100","V223I"
"176",2014,"3C.2","A/Texas/50/2012","NODE_0000100","N312S"
"177",2014,"3C.2","A/Texas/50/2012","NODE_0000100","K173Q"
"178",2014,"3C.2","A/Texas/50/2012","NODE_0000100","N189K"
"179",2014,"3C.2a","A/Texas/50/2012","NODE_0000113","F159Y"
"180",2014,"3C.2a","A/Texas/50/2012","NODE_0000113","N144S"
"181",2014,"3C.2a","A/Texas/50/2012","NODE_0000113","K160T"
"182",2014,"3C.2a","A/Texas/50/2012","NODE_0000113","N225D"
"183",2014,"3C.2a","A/Texas/50/2012","NODE_0000113","Q311H"
"184",2014,"3C.2a","A/Texas/50/2012","NODE_0000113","L3I"
"185",2014,"3C.2a","A/Texas/50/2012","NODE_0000113","N145S"
"186",2014,"3C.2a","A/Texas/50/2012","NODE_0000113","Q33R"
"187",2014,"3C.2a","A/Texas/50/2012","NODE_0000113","N278K"
"188",2014,"3C.2a","A/Texas/50/2012","NODE_0000113","S45N"
"189",2014,"3C.2a","A/Texas/50/2012","NODE_0000113","T48I"
"190",2014,"3C.2a","A/Texas/50/2012","NODE_0000113","A198S"
"191",2014,"3C.2a","A/Texas/50/2012","NODE_0000113","T212A"
"192",2014,"3C.2a","A/Texas/50/2012","NODE_0000113","V223I"
"193",2014,"3C.2a","A/Texas/50/2012","NODE_0000113","N312S"
"194",2014,"3C.2a","A/Texas/50/2012","NODE_0000113","K173Q"
"195",2014,"3C.2a","A/Texas/50/2012","NODE_0000113","N189K"
"196",2014,"3C.2a2","A/Texas/50/2012","NODE_0000201","R261Q"
"197",2014,"3C.2a2","A/Texas/50/2012","NODE_0000201","N131K"
"198",2014,"3C.2a2","A/Texas/50/2012","NODE_0000201","R142K"
"199",2014,"3C.2a2","A/Texas/50/2012","NODE_0000201","T131N"
"200",2014,"3C.2a2","A/Texas/50/2012","NODE_0000201","F159Y"
"201",2014,"3C.2a2","A/Texas/50/2012","NODE_0000201","N144S"
"202",2014,"3C.2a2","A/Texas/50/2012","NODE_0000201","K160T"
"203",2014,"3C.2a2","A/Texas/50/2012","NODE_0000201","N225D"
"204",2014,"3C.2a2","A/Texas/50/2012","NODE_0000201","Q311H"
"205",2014,"3C.2a2","A/Texas/50/2012","NODE_0000201","L3I"
"206",2014,"3C.2a2","A/Texas/50/2012","NODE_0000201","N145S"
"207",2014,"3C.2a2","A/Texas/50/2012","NODE_0000201","Q33R"
"208",2014,"3C.2a2","A/Texas/50/2012","NODE_0000201","N278K"
"209",2014,"3C.2a2","A/Texas/50/2012","NODE_0000201","S45N"
"210",2014,"3C.2a2","A/Texas/50/2012","NODE_0000201","T48I"
"211",2014,"3C.2a2","A/Texas/50/2012","NODE_0000201","A198S"
"212",2014,"3C.2a2","A/Texas/50/2012","NODE_0000201","T212A"
"213",2014,"3C.2a2","A/Texas/50/2012","NODE_0000201","V223I"
"214",2014,"3C.2a2","A/Texas/50/2012","NODE_0000201","N312S"
"215",2014,"3C.2a2","A/Texas/50/2012","NODE_0000201","K173Q"
"216",2014,"3C.2a2","A/Texas/50/2012","NODE_0000201","N189K"
"217",2014,"3C.2a3","A/Texas/50/2012","NODE_0000154","N121K"
"218",2014,"3C.2a3","A/Texas/50/2012","NODE_0000154","S144K"
"219",2014,"3C.2a3","A/Texas/50/2012","NODE_0000154","F159Y"
"220",2014,"3C.2a3","A/Texas/50/2012","NODE_0000154","N144S"
"221",2014,"3C.2a3","A/Texas/50/2012","NODE_0000154","K160T"
"222",2014,"3C.2a3","A/Texas/50/2012","NODE_0000154","N225D"
"223",2014,"3C.2a3","A/Texas/50/2012","NODE_0000154","Q311H"
"224",2014,"3C.2a3","A/Texas/50/2012","NODE_0000154","L3I"
"225",2014,"3C.2a3","A/Texas/50/2012","NODE_0000154","N145S"
"226",2014,"3C.2a3","A/Texas/50/2012","NODE_0000154","Q33R"
"227",2014,"3C.2a3","A/Texas/50/2012","NODE_0000154","N278K"
"228",2014,"3C.2a3","A/Texas/50/2012","NODE_0000154","S45N"
"229",2014,"3C.2a3","A/Texas/50/2012","NODE_0000154","T48I"
"230",2014,"3C.2a3","A/Texas/50/2012","NODE_0000154","A198S"
"231",2014,"3C.2a3","A/Texas/50/2012","NODE_0000154","T212A"
"232",2014,"3C.2a3","A/Texas/50/2012","NODE_0000154","V223I"
"233",2014,"3C.2a3","A/Texas/50/2012","NODE_0000154","N312S"
"234",2014,"3C.2a3","A/Texas/50/2012","NODE_0000154","K173Q"
"235",2014,"3C.2a3","A/Texas/50/2012","NODE_0000154","N189K"
"236",2014,"3C.3","A/Texas/50/2012","NODE_0000009","T128A"
"237",2014,"3C.3","A/Texas/50/2012","NODE_0000009","R142G"
"238",2014,"3C.3","A/Texas/50/2012","NODE_0000009","N145S"
"239",2014,"3C.3","A/Texas/50/2012","NODE_0000009","Q33R"
"240",2014,"3C.3","A/Texas/50/2012","NODE_0000009","N278K"
"241",2014,"3C.3","A/Texas/50/2012","NODE_0000009","S45N"
"242",2014,"3C.3","A/Texas/50/2012","NODE_0000009","T48I"
"243",2014,"3C.3","A/Texas/50/2012","NODE_0000009","A198S"
"244",2014,"3C.3","A/Texas/50/2012","NODE_0000009","T212A"
"245",2014,"3C.3","A/Texas/50/2012","NODE_0000009","V223I"
"246",2014,"3C.3","A/Texas/50/2012","NODE_0000009","N312S"
"247",2014,"3C.3","A/Texas/50/2012","NODE_0000009","K173Q"
"248",2014,"3C.3","A/Texas/50/2012","NODE_0000009","N189K"
"249",2014,"3C.3a","A/Texas/50/2012","NODE_0000054","F159S"
"250",2014,"3C.3a","A/Texas/50/2012","NODE_0000054","A138S"
"251",2014,"3C.3a","A/Texas/50/2012","NODE_0000054","N225D"
"252",2014,"3C.3a","A/Texas/50/2012","NODE_0000054","K326R"
"253",2014,"3C.3a","A/Texas/50/2012","NODE_0000054","T128A"
"254",2014,"3C.3a","A/Texas/50/2012","NODE_0000054","R142G"
"255",2014,"3C.3a","A/Texas/50/2012","NODE_0000054","N145S"
"256",2014,"3C.3a","A/Texas/50/2012","NODE_0000054","Q33R"
"257",2014,"3C.3a","A/Texas/50/2012","NODE_0000054","N278K"
"258",2014,"3C.3a","A/Texas/50/2012","NODE_0000054","S45N"
"259",2014,"3C.3a","A/Texas/50/2012","NODE_0000054","T48I"
"260",2014,"3C.3a","A/Texas/50/2012","NODE_0000054","A198S"
"261",2014,"3C.3a","A/Texas/50/2012","NODE_0000054","T212A"
"262",2014,"3C.3a","A/Texas/50/2012","NODE_0000054","V223I"
"263",2014,"3C.3a","A/Texas/50/2012","NODE_0000054","N312S"
"264",2014,"3C.3a","A/Texas/50/2012","NODE_0000054","K173Q"
"265",2014,"3C.3a","A/Texas/50/2012","NODE_0000054","N189K"
"266",2014,"3C.3b","A/Texas/50/2012","NODE_0000048","K83R"
"267",2014,"3C.3b","A/Texas/50/2012","NODE_0000048","R261Q"
"268",2014,"3C.3b","A/Texas/50/2012","NODE_0000048","E62K"
"269",2014,"3C.3b","A/Texas/50/2012","NODE_0000048","N122D"
"270",2014,"3C.3b","A/Texas/50/2012","NODE_0000048","L157S"
"271",2014,"3C.3b","A/Texas/50/2012","NODE_0000048","T128A"
"272",2014,"3C.3b","A/Texas/50/2012","NODE_0000048","R142G"
"273",2014,"3C.3b","A/Texas/50/2012","NODE_0000048","N145S"
"274",2014,"3C.3b","A/Texas/50/2012","NODE_0000048","Q33R"
"275",2014,"3C.3b","A/Texas/50/2012","NODE_0000048","N278K"
"276",2014,"3C.3b","A/Texas/50/2012","NODE_0000048","S45N"
"277",2014,"3C.3b","A/Texas/50/2012","NODE_0000048","T48I"
"278",2014,"3C.3b","A/Texas/50/2012","NODE_0000048","A198S"
"279",2014,"3C.3b","A/Texas/50/2012","NODE_0000048","T212A"
"280",2014,"3C.3b","A/Texas/50/2012","NODE_0000048","V223I"
"281",2014,"3C.3b","A/Texas/50/2012","NODE_0000048","N312S"
"282",2014,"3C.3b","A/Texas/50/2012","NODE_0000048","K173Q"
"283",2014,"3C.3b","A/Texas/50/2012","NODE_0000048","N189K"
"284",2015,"3C","A/Switzerland/9715293/2013","NODE_0000003","S45N"
"285",2015,"3C","A/Switzerland/9715293/2013","NODE_0000003","T48I"
"286",2015,"3C","A/Switzerland/9715293/2013","NODE_0000003","A198S"
"287",2015,"3C","A/Switzerland/9715293/2013","NODE_0000003","T212A"
"288",2015,"3C","A/Switzerland/9715293/2013","NODE_0000003","V223I"
"289",2015,"3C","A/Switzerland/9715293/2013","NODE_0000003","N312S"
"290",2015,"3C","A/Switzerland/9715293/2013","NODE_0000003","K173Q"
"291",2015,"3C","A/Switzerland/9715293/2013","NODE_0000003","N189K"
"292",2015,"3C.2","A/Switzerland/9715293/2013","NODE_0000100","N145S"
"293",2015,"3C.2","A/Switzerland/9715293/2013","NODE_0000100","Q33R"
"294",2015,"3C.2","A/Switzerland/9715293/2013","NODE_0000100","N278K"
"295",2015,"3C.2","A/Switzerland/9715293/2013","NODE_0000100","S45N"
"296",2015,"3C.2","A/Switzerland/9715293/2013","NODE_0000100","T48I"
"297",2015,"3C.2","A/Switzerland/9715293/2013","NODE_0000100","A198S"
"298",2015,"3C.2","A/Switzerland/9715293/2013","NODE_0000100","T212A"
"299",2015,"3C.2","A/Switzerland/9715293/2013","NODE_0000100","V223I"
"300",2015,"3C.2","A/Switzerland/9715293/2013","NODE_0000100","N312S"
"301",2015,"3C.2","A/Switzerland/9715293/2013","NODE_0000100","K173Q"
"302",2015,"3C.2","A/Switzerland/9715293/2013","NODE_0000100","N189K"
"303",2015,"3C.2a","A/Switzerland/9715293/2013","NODE_0000113","F159Y"
"304",2015,"3C.2a","A/Switzerland/9715293/2013","NODE_0000113","N144S"
"305",2015,"3C.2a","A/Switzerland/9715293/2013","NODE_0000113","K160T"
"306",2015,"3C.2a","A/Switzerland/9715293/2013","NODE_0000113","N225D"
"307",2015,"3C.2a","A/Switzerland/9715293/2013","NODE_0000113","Q311H"
"308",2015,"3C.2a","A/Switzerland/9715293/2013","NODE_0000113","L3I"
"309",2015,"3C.2a","A/Switzerland/9715293/2013","NODE_0000113","N145S"
"310",2015,"3C.2a","A/Switzerland/9715293/2013","NODE_0000113","Q33R"
"311",2015,"3C.2a","A/Switzerland/9715293/2013","NODE_0000113","N278K"
"312",2015,"3C.2a","A/Switzerland/9715293/2013","NODE_0000113","S45N"
"313",2015,"3C.2a","A/Switzerland/9715293/2013","NODE_0000113","T48I"
"314",2015,"3C.2a","A/Switzerland/9715293/2013","NODE_0000113","A198S"
"315",2015,"3C.2a","A/Switzerland/9715293/2013","NODE_0000113","T212A"
"316",2015,"3C.2a","A/Switzerland/9715293/2013","NODE_0000113","V223I"
"317",2015,"3C.2a","A/Switzerland/9715293/2013","NODE_0000113","N312S"
"318",2015,"3C.2a","A/Switzerland/9715293/2013","NODE_0000113","K173Q"
"319",2015,"3C.2a","A/Switzerland/9715293/2013","NODE_0000113","N189K"
"320",2015,"3C.2a1","A/Switzerland/9715293/2013","NODE_0000250","N121K"
"321",2015,"3C.2a1","A/Switzerland/9715293/2013","NODE_0000250","N171K"
"322",2015,"3C.2a1","A/Switzerland/9715293/2013","NODE_0000250","F159Y"
"323",2015,"3C.2a1","A/Switzerland/9715293/2013","NODE_0000250","N144S"
"324",2015,"3C.2a1","A/Switzerland/9715293/2013","NODE_0000250","K160T"
"325",2015,"3C.2a1","A/Switzerland/9715293/2013","NODE_0000250","N225D"
"326",2015,"3C.2a1","A/Switzerland/9715293/2013","NODE_0000250","Q311H"
"327",2015,"3C.2a1","A/Switzerland/9715293/2013","NODE_0000250","L3I"
"328",2015,"3C.2a1","A/Switzerland/9715293/2013","NODE_0000250","N145S"
"329",2015,"3C.2a1","A/Switzerland/9715293/2013","NODE_0000250","Q33R"
"330",2015,"3C.2a1","A/Switzerland/9715293/2013","NODE_0000250","N278K"
"331",2015,"3C.2a1","A/Switzerland/9715293/2013","NODE_0000250","S45N"
"332",2015,"3C.2a1","A/Switzerland/9715293/2013","NODE_0000250","T48I"
"333",2015,"3C.2a1","A/Switzerland/9715293/2013","NODE_0000250","A198S"
"334",2015,"3C.2a1","A/Switzerland/9715293/2013","NODE_0000250","T212A"
"335",2015,"3C.2a1","A/Switzerland/9715293/2013","NODE_0000250","V223I"
"336",2015,"3C.2a1","A/Switzerland/9715293/2013","NODE_0000250","N312S"
"337",2015,"3C.2a1","A/Switzerland/9715293/2013","NODE_0000250","K173Q"
"338",2015,"3C.2a1","A/Switzerland/9715293/2013","NODE_0000250","N189K"
"339",2015,"3C.3","A/Switzerland/9715293/2013","NODE_0000009","T128A"
"340",2015,"3C.3","A/Switzerland/9715293/2013","NODE_0000009","R142G"
"341",2015,"3C.3","A/Switzerland/9715293/2013","NODE_0000009","N145S"
"342",2015,"3C.3","A/Switzerland/9715293/2013","NODE_0000009","Q33R"
"343",2015,"3C.3","A/Switzerland/9715293/2013","NODE_0000009","N278K"
"344",2015,"3C.3","A/Switzerland/9715293/2013","NODE_0000009","S45N"
"345",2015,"3C.3","A/Switzerland/9715293/2013","NODE_0000009","T48I"
"346",2015,"3C.3","A/Switzerland/9715293/2013","NODE_0000009","A198S"
"347",2015,"3C.3","A/Switzerland/9715293/2013","NODE_0000009","T212A"
"348",2015,"3C.3","A/Switzerland/9715293/2013","NODE_0000009","V223I"
"349",2015,"3C.3","A/Switzerland/9715293/2013","NODE_0000009","N312S"
"350",2015,"3C.3","A/Switzerland/9715293/2013","NODE_0000009","K173Q"
"351",2015,"3C.3","A/Switzerland/9715293/2013","NODE_0000009","N189K"
"352",2015,"3C.3a","A/Switzerland/9715293/2013","NODE_0000054","F159S"
"353",2015,"3C.3a","A/Switzerland/9715293/2013","NODE_0000054","A138S"
"354",2015,"3C.3a","A/Switzerland/9715293/2013","NODE_0000054","N225D"
"355",2015,"3C.3a","A/Switzerland/9715293/2013","NODE_0000054","K326R"
"356",2015,"3C.3a","A/Switzerland/9715293/2013","NODE_0000054","T128A"
"357",2015,"3C.3a","A/Switzerland/9715293/2013","NODE_0000054","R142G"
"358",2015,"3C.3a","A/Switzerland/9715293/2013","NODE_0000054","N145S"
"359",2015,"3C.3a","A/Switzerland/9715293/2013","NODE_0000054","Q33R"
"360",2015,"3C.3a","A/Switzerland/9715293/2013","NODE_0000054","N278K"
"361",2015,"3C.3a","A/Switzerland/9715293/2013","NODE_0000054","S45N"
"362",2015,"3C.3a","A/Switzerland/9715293/2013","NODE_0000054","T48I"
"363",2015,"3C.3a","A/Switzerland/9715293/2013","NODE_0000054","A198S"
"364",2015,"3C.3a","A/Switzerland/9715293/2013","NODE_0000054","T212A"
"365",2015,"3C.3a","A/Switzerland/9715293/2013","NODE_0000054","V223I"
"366",2015,"3C.3a","A/Switzerland/9715293/2013","NODE_0000054","N312S"
"367",2015,"3C.3a","A/Switzerland/9715293/2013","NODE_0000054","K173Q"
"368",2015,"3C.3a","A/Switzerland/9715293/2013","NODE_0000054","N189K"
"369",2016,"3C.2a","A/HongKong/4801/2014","NODE_0000113","F159Y"
"370",2016,"3C.2a","A/HongKong/4801/2014","NODE_0000113","N144S"
"371",2016,"3C.2a","A/HongKong/4801/2014","NODE_0000113","K160T"
"372",2016,"3C.2a","A/HongKong/4801/2014","NODE_0000113","N225D"
"373",2016,"3C.2a","A/HongKong/4801/2014","NODE_0000113","Q311H"
"374",2016,"3C.2a","A/HongKong/4801/2014","NODE_0000113","L3I"
"375",2016,"3C.2a","A/HongKong/4801/2014","NODE_0000113","N145S"
"376",2016,"3C.2a","A/HongKong/4801/2014","NODE_0000113","Q33R"
"377",2016,"3C.2a","A/HongKong/4801/2014","NODE_0000113","N278K"
"378",2016,"3C.2a","A/HongKong/4801/2014","NODE_0000113","S45N"
"379",2016,"3C.2a","A/HongKong/4801/2014","NODE_0000113","T48I"
"380",2016,"3C.2a","A/HongKong/4801/2014","NODE_0000113","A198S"
"381",2016,"3C.2a","A/HongKong/4801/2014","NODE_0000113","T212A"
"382",2016,"3C.2a","A/HongKong/4801/2014","NODE_0000113","V223I"
"383",2016,"3C.2a","A/HongKong/4801/2014","NODE_0000113","N312S"
"384",2016,"3C.2a","A/HongKong/4801/2014","NODE_0000113","K173Q"
"385",2016,"3C.2a","A/HongKong/4801/2014","NODE_0000113","N189K"
"386",2016,"3C.2a1","A/HongKong/4801/2014","NODE_0000250","N121K"
"387",2016,"3C.2a1","A/HongKong/4801/2014","NODE_0000250","N171K"
"388",2016,"3C.2a1","A/HongKong/4801/2014","NODE_0000250","F159Y"
"389",2016,"3C.2a1","A/HongKong/4801/2014","NODE_0000250","N144S"
"390",2016,"3C.2a1","A/HongKong/4801/2014","NODE_0000250","K160T"
"391",2016,"3C.2a1","A/HongKong/4801/2014","NODE_0000250","N225D"
"392",2016,"3C.2a1","A/HongKong/4801/2014","NODE_0000250","Q311H"
"393",2016,"3C.2a1","A/HongKong/4801/2014","NODE_0000250","L3I"
"394",2016,"3C.2a1","A/HongKong/4801/2014","NODE_0000250","N145S"
"395",2016,"3C.2a1","A/HongKong/4801/2014","NODE_0000250","Q33R"
"396",2016,"3C.2a1","A/HongKong/4801/2014","NODE_0000250","N278K"
"397",2016,"3C.2a1","A/HongKong/4801/2014","NODE_0000250","S45N"
"398",2016,"3C.2a1","A/HongKong/4801/2014","NODE_0000250","T48I"
"399",2016,"3C.2a1","A/HongKong/4801/2014","NODE_0000250","A198S"
"400",2016,"3C.2a1","A/HongKong/4801/2014","NODE_0000250","T212A"
"401",2016,"3C.2a1","A/HongKong/4801/2014","NODE_0000250","V223I"
"402",2016,"3C.2a1","A/HongKong/4801/2014","NODE_0000250","N312S"
"403",2016,"3C.2a1","A/HongKong/4801/2014","NODE_0000250","K173Q"
"404",2016,"3C.2a1","A/HongKong/4801/2014","NODE_0000250","N189K"
"405",2016,"3C.2a1b.1","A/HongKong/4801/2014","NODE_0000301","T135K"
"406",2016,"3C.2a1b.1","A/HongKong/4801/2014","NODE_0000301","E62G"
"407",2016,"3C.2a1b.1","A/HongKong/4801/2014","NODE_0000301","R142G"
"408",2016,"3C.2a1b.1","A/HongKong/4801/2014","NODE_0000301","K92R"
"409",2016,"3C.2a1b.1","A/HongKong/4801/2014","NODE_0000301","H311Q"
"410",2016,"3C.2a1b.1","A/HongKong/4801/2014","NODE_0000301","N121K"
"411",2016,"3C.2a1b.1","A/HongKong/4801/2014","NODE_0000301","N171K"
"412",2016,"3C.2a1b.1","A/HongKong/4801/2014","NODE_0000301","F159Y"
"413",2016,"3C.2a1b.1","A/HongKong/4801/2014","NODE_0000301","N144S"
"414",2016,"3C.2a1b.1","A/HongKong/4801/2014","NODE_0000301","K160T"
"415",2016,"3C.2a1b.1","A/HongKong/4801/2014","NODE_0000301","N225D"
"416",2016,"3C.2a1b.1","A/HongKong/4801/2014","NODE_0000301","Q311H"
"417",2016,"3C.2a1b.1","A/HongKong/4801/2014","NODE_0000301","L3I"
"418",2016,"3C.2a1b.1","A/HongKong/4801/2014","NODE_0000301","N145S"
"419",2016,"3C.2a1b.1","A/HongKong/4801/2014","NODE_0000301","Q33R"
"420",2016,"3C.2a1b.1","A/HongKong/4801/2014","NODE_0000301","N278K"
"421",2016,"3C.2a1b.1","A/HongKong/4801/2014","NODE_0000301","S45N"
"422",2016,"3C.2a1b.1","A/HongKong/4801/2014","NODE_0000301","T48I"
"423",2016,"3C.2a1b.1","A/HongKong/4801/2014","NODE_0000301","A198S"
"424",2016,"3C.2a1b.1","A/HongKong/4801/2014","NODE_0000301","T212A"
"425",2016,"3C.2a1b.1","A/HongKong/4801/2014","NODE_0000301","V223I"
"426",2016,"3C.2a1b.1","A/HongKong/4801/2014","NODE_0000301","N312S"
"427",2016,"3C.2a1b.1","A/HongKong/4801/2014","NODE_0000301","K173Q"
"428",2016,"3C.2a1b.1","A/HongKong/4801/2014","NODE_0000301","N189K"
"429",2016,"3C.2a2","A/HongKong/4801/2014","NODE_0000201","R261Q"
"430",2016,"3C.2a2","A/HongKong/4801/2014","NODE_0000201","N131K"
"431",2016,"3C.2a2","A/HongKong/4801/2014","NODE_0000201","R142K"
"432",2016,"3C.2a2","A/HongKong/4801/2014","NODE_0000201","T131N"
"433",2016,"3C.2a2","A/HongKong/4801/2014","NODE_0000201","F159Y"
"434",2016,"3C.2a2","A/HongKong/4801/2014","NODE_0000201","N144S"
"435",2016,"3C.2a2","A/HongKong/4801/2014","NODE_0000201","K160T"
"436",2016,"3C.2a2","A/HongKong/4801/2014","NODE_0000201","N225D"
"437",2016,"3C.2a2","A/HongKong/4801/2014","NODE_0000201","Q311H"
"438",2016,"3C.2a2","A/HongKong/4801/2014","NODE_0000201","L3I"
"439",2016,"3C.2a2","A/HongKong/4801/2014","NODE_0000201","N145S"
"440",2016,"3C.2a2","A/HongKong/4801/2014","NODE_0000201","Q33R"
"441",2016,"3C.2a2","A/HongKong/4801/2014","NODE_0000201","N278K"
"442",2016,"3C.2a2","A/HongKong/4801/2014","NODE_0000201","S45N"
"443",2016,"3C.2a2","A/HongKong/4801/2014","NODE_0000201","T48I"
"444",2016,"3C.2a2","A/HongKong/4801/2014","NODE_0000201","A198S"
"445",2016,"3C.2a2","A/HongKong/4801/2014","NODE_0000201","T212A"
"446",2016,"3C.2a2","A/HongKong/4801/2014","NODE_0000201","V223I"
"447",2016,"3C.2a2","A/HongKong/4801/2014","NODE_0000201","N312S"
"448",2016,"3C.2a2","A/HongKong/4801/2014","NODE_0000201","K173Q"
"449",2016,"3C.2a2","A/HongKong/4801/2014","NODE_0000201","N189K"
"450",2016,"3C.2a3","A/HongKong/4801/2014","NODE_0000154","N121K"
"451",2016,"3C.2a3","A/HongKong/4801/2014","NODE_0000154","S144K"
"452",2016,"3C.2a3","A/HongKong/4801/2014","NODE_0000154","F159Y"
"453",2016,"3C.2a3","A/HongKong/4801/2014","NODE_0000154","N144S"
"454",2016,"3C.2a3","A/HongKong/4801/2014","NODE_0000154","K160T"
"455",2016,"3C.2a3","A/HongKong/4801/2014","NODE_0000154","N225D"
"456",2016,"3C.2a3","A/HongKong/4801/2014","NODE_0000154","Q311H"
"457",2016,"3C.2a3","A/HongKong/4801/2014","NODE_0000154","L3I"
"458",2016,"3C.2a3","A/HongKong/4801/2014","NODE_0000154","N145S"
"459",2016,"3C.2a3","A/HongKong/4801/2014","NODE_0000154","Q33R"
"460",2016,"3C.2a3","A/HongKong/4801/2014","NODE_0000154","N278K"
"461",2016,"3C.2a3","A/HongKong/4801/2014","NODE_0000154","S45N"
"462",2016,"3C.2a3","A/HongKong/4801/2014","NODE_0000154","T48I"
"463",2016,"3C.2a3","A/HongKong/4801/2014","NODE_0000154","A198S"
"464",2016,"3C.2a3","A/HongKong/4801/2014","NODE_0000154","T212A"
"465",2016,"3C.2a3","A/HongKong/4801/2014","NODE_0000154","V223I"
"466",2016,"3C.2a3","A/HongKong/4801/2014","NODE_0000154","N312S"
"467",2016,"3C.2a3","A/HongKong/4801/2014","NODE_0000154","K173Q"
"468",2016,"3C.2a3","A/HongKong/4801/2014","NODE_0000154","N189K"
"469",2016,"3C.2a4","A/HongKong/4801/2014","NODE_0000118","N31S"
"470",2016,"3C.2a4","A/HongKong/4801/2014","NODE_0000118","D53N"
"471",2016,"3C.2a4","A/HongKong/4801/2014","NODE_0000118","S144R"
"472",2016,"3C.2a4","A/HongKong/4801/2014","NODE_0000118","N171K"
"473",2016,"3C.2a4","A/HongKong/4801/2014","NODE_0000118","I192T"
"474",2016,"3C.2a4","A/HongKong/4801/2014","NODE_0000118","Q197H"
"475",2016,"3C.2a4","A/HongKong/4801/2014","NODE_0000118","R142G"
"476",2016,"3C.3a","A/HongKong/4801/2014","NODE_0000054","F159S"
"477",2016,"3C.3a","A/HongKong/4801/2014","NODE_0000054","A138S"
"478",2016,"3C.3a","A/HongKong/4801/2014","NODE_0000054","N225D"
"479",2016,"3C.3a","A/HongKong/4801/2014","NODE_0000054","K326R"
"480",2016,"3C.3a","A/HongKong/4801/2014","NODE_0000054","T128A"
"481",2016,"3C.3a","A/HongKong/4801/2014","NODE_0000054","R142G"
"482",2016,"3C.3a","A/HongKong/4801/2014","NODE_0000054","N145S"
"483",2016,"3C.3a","A/HongKong/4801/2014","NODE_0000054","Q33R"
"484",2016,"3C.3a","A/HongKong/4801/2014","NODE_0000054","N278K"
"485",2016,"3C.3a","A/HongKong/4801/2014","NODE_0000054","S45N"
"486",2016,"3C.3a","A/HongKong/4801/2014","NODE_0000054","T48I"
"487",2016,"3C.3a","A/HongKong/4801/2014","NODE_0000054","A198S"
"488",2016,"3C.3a","A/HongKong/4801/2014","NODE_0000054","T212A"
"489",2016,"3C.3a","A/HongKong/4801/2014","NODE_0000054","V223I"
"490",2016,"3C.3a","A/HongKong/4801/2014","NODE_0000054","N312S"
"491",2016,"3C.3a","A/HongKong/4801/2014","NODE_0000054","K173Q"
"492",2016,"3C.3a","A/HongKong/4801/2014","NODE_0000054","N189K"
"493",2016,"3C.3a1","A/HongKong/4801/2014","NODE_0000086","L3I"
"494",2016,"3C.3a1","A/HongKong/4801/2014","NODE_0000086","S91N"
"495",2016,"3C.3a1","A/HongKong/4801/2014","NODE_0000086","N144K"
"496",2016,"3C.3a1","A/HongKong/4801/2014","NODE_0000086","F193S"
"497",2016,"3C.3a1","A/HongKong/4801/2014","NODE_0000086","F159S"
"498",2016,"3C.3a1","A/HongKong/4801/2014","NODE_0000086","A138S"
"499",2016,"3C.3a1","A/HongKong/4801/2014","NODE_0000086","N225D"
"500",2016,"3C.3a1","A/HongKong/4801/2014","NODE_0000086","K326R"
"501",2016,"3C.3a1","A/HongKong/4801/2014","NODE_0000086","T128A"
"502",2016,"3C.3a1","A/HongKong/4801/2014","NODE_0000086","R142G"
"503",2016,"3C.3a1","A/HongKong/4801/2014","NODE_0000086","N145S"
"504",2016,"3C.3a1","A/HongKong/4801/2014","NODE_0000086","Q33R"
"505",2016,"3C.3a1","A/HongKong/4801/2014","NODE_0000086","N278K"
"506",2016,"3C.3a1","A/HongKong/4801/2014","NODE_0000086","S45N"
"507",2016,"3C.3a1","A/HongKong/4801/2014","NODE_0000086","T48I"
"508",2016,"3C.3a1","A/HongKong/4801/2014","NODE_0000086","A198S"
"509",2016,"3C.3a1","A/HongKong/4801/2014","NODE_0000086","T212A"
"510",2016,"3C.3a1","A/HongKong/4801/2014","NODE_0000086","V223I"
"511",2016,"3C.3a1","A/HongKong/4801/2014","NODE_0000086","N312S"
"512",2016,"3C.3a1","A/HongKong/4801/2014","NODE_0000086","K173Q"
"513",2016,"3C.3a1","A/HongKong/4801/2014","NODE_0000086","N189K"
"514",2017,"3C.2a","A/HongKong/4801/2014","NODE_0000113","F159Y"
"515",2017,"3C.2a","A/HongKong/4801/2014","NODE_0000113","N144S"
"516",2017,"3C.2a","A/HongKong/4801/2014","NODE_0000113","K160T"
"517",2017,"3C.2a","A/HongKong/4801/2014","NODE_0000113","N225D"
"518",2017,"3C.2a","A/HongKong/4801/2014","NODE_0000113","Q311H"
"519",2017,"3C.2a","A/HongKong/4801/2014","NODE_0000113","L3I"
"520",2017,"3C.2a","A/HongKong/4801/2014","NODE_0000113","N145S"
"521",2017,"3C.2a","A/HongKong/4801/2014","NODE_0000113","Q33R"
"522",2017,"3C.2a","A/HongKong/4801/2014","NODE_0000113","N278K"
"523",2017,"3C.2a","A/HongKong/4801/2014","NODE_0000113","S45N"
"524",2017,"3C.2a","A/HongKong/4801/2014","NODE_0000113","T48I"
"525",2017,"3C.2a","A/HongKong/4801/2014","NODE_0000113","A198S"
"526",2017,"3C.2a","A/HongKong/4801/2014","NODE_0000113","T212A"
"527",2017,"3C.2a","A/HongKong/4801/2014","NODE_0000113","V223I"
"528",2017,"3C.2a","A/HongKong/4801/2014","NODE_0000113","N312S"
"529",2017,"3C.2a","A/HongKong/4801/2014","NODE_0000113","K173Q"
"530",2017,"3C.2a","A/HongKong/4801/2014","NODE_0000113","N189K"
"531",2017,"3C.2a1","A/HongKong/4801/2014","NODE_0000250","N121K"
"532",2017,"3C.2a1","A/HongKong/4801/2014","NODE_0000250","N171K"
"533",2017,"3C.2a1","A/HongKong/4801/2014","NODE_0000250","F159Y"
"534",2017,"3C.2a1","A/HongKong/4801/2014","NODE_0000250","N144S"
"535",2017,"3C.2a1","A/HongKong/4801/2014","NODE_0000250","K160T"
"536",2017,"3C.2a1","A/HongKong/4801/2014","NODE_0000250","N225D"
"537",2017,"3C.2a1","A/HongKong/4801/2014","NODE_0000250","Q311H"
"538",2017,"3C.2a1","A/HongKong/4801/2014","NODE_0000250","L3I"
"539",2017,"3C.2a1","A/HongKong/4801/2014","NODE_0000250","N145S"
"540",2017,"3C.2a1","A/HongKong/4801/2014","NODE_0000250","Q33R"
"541",2017,"3C.2a1","A/HongKong/4801/2014","NODE_0000250","N278K"
"542",2017,"3C.2a1","A/HongKong/4801/2014","NODE_0000250","S45N"
"543",2017,"3C.2a1","A/HongKong/4801/2014","NODE_0000250","T48I"
"544",2017,"3C.2a1","A/HongKong/4801/2014","NODE_0000250","A198S"
"545",2017,"3C.2a1","A/HongKong/4801/2014","NODE_0000250","T212A"
"546",2017,"3C.2a1","A/HongKong/4801/2014","NODE_0000250","V223I"
"547",2017,"3C.2a1","A/HongKong/4801/2014","NODE_0000250","N312S"
"548",2017,"3C.2a1","A/HongKong/4801/2014","NODE_0000250","K173Q"
"549",2017,"3C.2a1","A/HongKong/4801/2014","NODE_0000250","N189K"
"550",2017,"3C.2a1b.1","A/HongKong/4801/2014","NODE_0000301","T135K"
"551",2017,"3C.2a1b.1","A/HongKong/4801/2014","NODE_0000301","E62G"
"552",2017,"3C.2a1b.1","A/HongKong/4801/2014","NODE_0000301","R142G"
"553",2017,"3C.2a1b.1","A/HongKong/4801/2014","NODE_0000301","K92R"
"554",2017,"3C.2a1b.1","A/HongKong/4801/2014","NODE_0000301","H311Q"
"555",2017,"3C.2a1b.1","A/HongKong/4801/2014","NODE_0000301","N121K"
"556",2017,"3C.2a1b.1","A/HongKong/4801/2014","NODE_0000301","N171K"
"557",2017,"3C.2a1b.1","A/HongKong/4801/2014","NODE_0000301","F159Y"
"558",2017,"3C.2a1b.1","A/HongKong/4801/2014","NODE_0000301","N144S"
"559",2017,"3C.2a1b.1","A/HongKong/4801/2014","NODE_0000301","K160T"
"560",2017,"3C.2a1b.1","A/HongKong/4801/2014","NODE_0000301","N225D"
"561",2017,"3C.2a1b.1","A/HongKong/4801/2014","NODE_0000301","Q311H"
"562",2017,"3C.2a1b.1","A/HongKong/4801/2014","NODE_0000301","L3I"
"563",2017,"3C.2a1b.1","A/HongKong/4801/2014","NODE_0000301","N145S"
"564",2017,"3C.2a1b.1","A/HongKong/4801/2014","NODE_0000301","Q33R"
"565",2017,"3C.2a1b.1","A/HongKong/4801/2014","NODE_0000301","N278K"
"566",2017,"3C.2a1b.1","A/HongKong/4801/2014","NODE_0000301","S45N"
"567",2017,"3C.2a1b.1","A/HongKong/4801/2014","NODE_0000301","T48I"
"568",2017,"3C.2a1b.1","A/HongKong/4801/2014","NODE_0000301","A198S"
"569",2017,"3C.2a1b.1","A/HongKong/4801/2014","NODE_0000301","T212A"
"570",2017,"3C.2a1b.1","A/HongKong/4801/2014","NODE_0000301","V223I"
"571",2017,"3C.2a1b.1","A/HongKong/4801/2014","NODE_0000301","N312S"
"572",2017,"3C.2a1b.1","A/HongKong/4801/2014","NODE_0000301","K173Q"
"573",2017,"3C.2a1b.1","A/HongKong/4801/2014","NODE_0000301","N189K"
"574",2017,"3C.2a1b.2","A/HongKong/4801/2014","NODE_0000373","T131K"
"575",2017,"3C.2a1b.2","A/HongKong/4801/2014","NODE_0000373","E62G"
"576",2017,"3C.2a1b.2","A/HongKong/4801/2014","NODE_0000373","R142G"
"577",2017,"3C.2a1b.2","A/HongKong/4801/2014","NODE_0000373","K92R"
"578",2017,"3C.2a1b.2","A/HongKong/4801/2014","NODE_0000373","H311Q"
"579",2017,"3C.2a1b.2","A/HongKong/4801/2014","NODE_0000373","N121K"
"580",2017,"3C.2a1b.2","A/HongKong/4801/2014","NODE_0000373","N171K"
"581",2017,"3C.2a1b.2","A/HongKong/4801/2014","NODE_0000373","F159Y"
"582",2017,"3C.2a1b.2","A/HongKong/4801/2014","NODE_0000373","N144S"
"583",2017,"3C.2a1b.2","A/HongKong/4801/2014","NODE_0000373","K160T"
"584",2017,"3C.2a1b.2","A/HongKong/4801/2014","NODE_0000373","N225D"
"585",2017,"3C.2a1b.2","A/HongKong/4801/2014","NODE_0000373","Q311H"
"586",2017,"3C.2a1b.2","A/HongKong/4801/2014","NODE_0000373","L3I"
"587",2017,"3C.2a1b.2","A/HongKong/4801/2014","NODE_0000373","N145S"
"588",2017,"3C.2a1b.2","A/HongKong/4801/2014","NODE_0000373","Q33R"
"589",2017,"3C.2a1b.2","A/HongKong/4801/2014","NODE_0000373","N278K"
"590",2017,"3C.2a1b.2","A/HongKong/4801/2014","NODE_0000373","S45N"
"591",2017,"3C.2a1b.2","A/HongKong/4801/2014","NODE_0000373","T48I"
"592",2017,"3C.2a1b.2","A/HongKong/4801/2014","NODE_0000373","A198S"
"593",2017,"3C.2a1b.2","A/HongKong/4801/2014","NODE_0000373","T212A"
"594",2017,"3C.2a1b.2","A/HongKong/4801/2014","NODE_0000373","V223I"
"595",2017,"3C.2a1b.2","A/HongKong/4801/2014","NODE_0000373","N312S"
"596",2017,"3C.2a1b.2","A/HongKong/4801/2014","NODE_0000373","K173Q"
"597",2017,"3C.2a1b.2","A/HongKong/4801/2014","NODE_0000373","N189K"
"598",2017,"3C.2a1b.2b","A/HongKong/4801/2014","NODE_0000382","Q197R"
"599",2017,"3C.2a1b.2b","A/HongKong/4801/2014","NODE_0000382","S219F"
"600",2017,"3C.2a1b.2b","A/HongKong/4801/2014","NODE_0000382","T131K"
"601",2017,"3C.2a1b.2b","A/HongKong/4801/2014","NODE_0000382","E62G"
"602",2017,"3C.2a1b.2b","A/HongKong/4801/2014","NODE_0000382","R142G"
"603",2017,"3C.2a1b.2b","A/HongKong/4801/2014","NODE_0000382","K92R"
"604",2017,"3C.2a1b.2b","A/HongKong/4801/2014","NODE_0000382","H311Q"
"605",2017,"3C.2a1b.2b","A/HongKong/4801/2014","NODE_0000382","N121K"
"606",2017,"3C.2a1b.2b","A/HongKong/4801/2014","NODE_0000382","N171K"
"607",2017,"3C.2a1b.2b","A/HongKong/4801/2014","NODE_0000382","F159Y"
"608",2017,"3C.2a1b.2b","A/HongKong/4801/2014","NODE_0000382","N144S"
"609",2017,"3C.2a1b.2b","A/HongKong/4801/2014","NODE_0000382","K160T"
"610",2017,"3C.2a1b.2b","A/HongKong/4801/2014","NODE_0000382","N225D"
"611",2017,"3C.2a1b.2b","A/HongKong/4801/2014","NODE_0000382","Q311H"
"612",2017,"3C.2a1b.2b","A/HongKong/4801/2014","NODE_0000382","L3I"
"613",2017,"3C.2a1b.2b","A/HongKong/4801/2014","NODE_0000382","N145S"
"614",2017,"3C.2a1b.2b","A/HongKong/4801/2014","NODE_0000382","Q33R"
"615",2017,"3C.2a1b.2b","A/HongKong/4801/2014","NODE_0000382","N278K"
"616",2017,"3C.2a1b.2b","A/HongKong/4801/2014","NODE_0000382","S45N"
"617",2017,"3C.2a1b.2b","A/HongKong/4801/2014","NODE_0000382","T48I"
"618",2017,"3C.2a1b.2b","A/HongKong/4801/2014","NODE_0000382","A198S"
"619",2017,"3C.2a1b.2b","A/HongKong/4801/2014","NODE_0000382","T212A"
"620",2017,"3C.2a1b.2b","A/HongKong/4801/2014","NODE_0000382","V223I"
"621",2017,"3C.2a1b.2b","A/HongKong/4801/2014","NODE_0000382","N312S"
"622",2017,"3C.2a1b.2b","A/HongKong/4801/2014","NODE_0000382","K173Q"
"623",2017,"3C.2a1b.2b","A/HongKong/4801/2014","NODE_0000382","N189K"
"624",2017,"3C.2a2","A/HongKong/4801/2014","NODE_0000201","R261Q"
"625",2017,"3C.2a2","A/HongKong/4801/2014","NODE_0000201","N131K"
"626",2017,"3C.2a2","A/HongKong/4801/2014","NODE_0000201","R142K"
"627",2017,"3C.2a2","A/HongKong/4801/2014","NODE_0000201","T131N"
"628",2017,"3C.2a2","A/HongKong/4801/2014","NODE_0000201","F159Y"
"629",2017,"3C.2a2","A/HongKong/4801/2014","NODE_0000201","N144S"
"630",2017,"3C.2a2","A/HongKong/4801/2014","NODE_0000201","K160T"
"631",2017,"3C.2a2","A/HongKong/4801/2014","NODE_0000201","N225D"
"632",2017,"3C.2a2","A/HongKong/4801/2014","NODE_0000201","Q311H"
"633",2017,"3C.2a2","A/HongKong/4801/2014","NODE_0000201","L3I"
"634",2017,"3C.2a2","A/HongKong/4801/2014","NODE_0000201","N145S"
"635",2017,"3C.2a2","A/HongKong/4801/2014","NODE_0000201","Q33R"
"636",2017,"3C.2a2","A/HongKong/4801/2014","NODE_0000201","N278K"
"637",2017,"3C.2a2","A/HongKong/4801/2014","NODE_0000201","S45N"
"638",2017,"3C.2a2","A/HongKong/4801/2014","NODE_0000201","T48I"
"639",2017,"3C.2a2","A/HongKong/4801/2014","NODE_0000201","A198S"
"640",2017,"3C.2a2","A/HongKong/4801/2014","NODE_0000201","T212A"
"641",2017,"3C.2a2","A/HongKong/4801/2014","NODE_0000201","V223I"
"642",2017,"3C.2a2","A/HongKong/4801/2014","NODE_0000201","N312S"
"643",2017,"3C.2a2","A/HongKong/4801/2014","NODE_0000201","K173Q"
"644",2017,"3C.2a2","A/HongKong/4801/2014","NODE_0000201","N189K"
"645",2017,"3C.2a3","A/HongKong/4801/2014","NODE_0000154","N121K"
"646",2017,"3C.2a3","A/HongKong/4801/2014","NODE_0000154","S144K"
"647",2017,"3C.2a3","A/HongKong/4801/2014","NODE_0000154","F159Y"
"648",2017,"3C.2a3","A/HongKong/4801/2014","NODE_0000154","N144S"
"649",2017,"3C.2a3","A/HongKong/4801/2014","NODE_0000154","K160T"
"650",2017,"3C.2a3","A/HongKong/4801/2014","NODE_0000154","N225D"
"651",2017,"3C.2a3","A/HongKong/4801/2014","NODE_0000154","Q311H"
"652",2017,"3C.2a3","A/HongKong/4801/2014","NODE_0000154","L3I"
"653",2017,"3C.2a3","A/HongKong/4801/2014","NODE_0000154","N145S"
"654",2017,"3C.2a3","A/HongKong/4801/2014","NODE_0000154","Q33R"
"655",2017,"3C.2a3","A/HongKong/4801/2014","NODE_0000154","N278K"
"656",2017,"3C.2a3","A/HongKong/4801/2014","NODE_0000154","S45N"
"657",2017,"3C.2a3","A/HongKong/4801/2014","NODE_0000154","T48I"
"658",2017,"3C.2a3","A/HongKong/4801/2014","NODE_0000154","A198S"
"659",2017,"3C.2a3","A/HongKong/4801/2014","NODE_0000154","T212A"
"660",2017,"3C.2a3","A/HongKong/4801/2014","NODE_0000154","V223I"
"661",2017,"3C.2a3","A/HongKong/4801/2014","NODE_0000154","N312S"
"662",2017,"3C.2a3","A/HongKong/4801/2014","NODE_0000154","K173Q"
"663",2017,"3C.2a3","A/HongKong/4801/2014","NODE_0000154","N189K"
"664",2017,"3C.2a4","A/HongKong/4801/2014","NODE_0000118","N31S"
"665",2017,"3C.2a4","A/HongKong/4801/2014","NODE_0000118","D53N"
"666",2017,"3C.2a4","A/HongKong/4801/2014","NODE_0000118","S144R"
"667",2017,"3C.2a4","A/HongKong/4801/2014","NODE_0000118","N171K"
"668",2017,"3C.2a4","A/HongKong/4801/2014","NODE_0000118","I192T"
"669",2017,"3C.2a4","A/HongKong/4801/2014","NODE_0000118","Q197H"
"670",2017,"3C.2a4","A/HongKong/4801/2014","NODE_0000118","R142G"
"671",2017,"3C.3a","A/HongKong/4801/2014","NODE_0000054","F159S"
"672",2017,"3C.3a","A/HongKong/4801/2014","NODE_0000054","A138S"
"673",2017,"3C.3a","A/HongKong/4801/2014","NODE_0000054","N225D"
"674",2017,"3C.3a","A/HongKong/4801/2014","NODE_0000054","K326R"
"675",2017,"3C.3a","A/HongKong/4801/2014","NODE_0000054","T128A"
"676",2017,"3C.3a","A/HongKong/4801/2014","NODE_0000054","R142G"
"677",2017,"3C.3a","A/HongKong/4801/2014","NODE_0000054","N145S"
"678",2017,"3C.3a","A/HongKong/4801/2014","NODE_0000054","Q33R"
"679",2017,"3C.3a","A/HongKong/4801/2014","NODE_0000054","N278K"
"680",2017,"3C.3a","A/HongKong/4801/2014","NODE_0000054","S45N"
"681",2017,"3C.3a","A/HongKong/4801/2014","NODE_0000054","T48I"
"682",2017,"3C.3a","A/HongKong/4801/2014","NODE_0000054","A198S"
"683",2017,"3C.3a","A/HongKong/4801/2014","NODE_0000054","T212A"
"684",2017,"3C.3a","A/HongKong/4801/2014","NODE_0000054","V223I"
"685",2017,"3C.3a","A/HongKong/4801/2014","NODE_0000054","N312S"
"686",2017,"3C.3a","A/HongKong/4801/2014","NODE_0000054","K173Q"
"687",2017,"3C.3a","A/HongKong/4801/2014","NODE_0000054","N189K"
"688",2017,"3C.3a1","A/HongKong/4801/2014","NODE_0000086","L3I"
"689",2017,"3C.3a1","A/HongKong/4801/2014","NODE_0000086","S91N"
"690",2017,"3C.3a1","A/HongKong/4801/2014","NODE_0000086","N144K"
"691",2017,"3C.3a1","A/HongKong/4801/2014","NODE_0000086","F193S"
"692",2017,"3C.3a1","A/HongKong/4801/2014","NODE_0000086","F159S"
"693",2017,"3C.3a1","A/HongKong/4801/2014","NODE_0000086","A138S"
"694",2017,"3C.3a1","A/HongKong/4801/2014","NODE_0000086","N225D"
"695",2017,"3C.3a1","A/HongKong/4801/2014","NODE_0000086","K326R"
"696",2017,"3C.3a1","A/HongKong/4801/2014","NODE_0000086","T128A"
"697",2017,"3C.3a1","A/HongKong/4801/2014","NODE_0000086","R142G"
"698",2017,"3C.3a1","A/HongKong/4801/2014","NODE_0000086","N145S"
"699",2017,"3C.3a1","A/HongKong/4801/2014","NODE_0000086","Q33R"
"700",2017,"3C.3a1","A/HongKong/4801/2014","NODE_0000086","N278K"
"701",2017,"3C.3a1","A/HongKong/4801/2014","NODE_0000086","S45N"
"702",2017,"3C.3a1","A/HongKong/4801/2014","NODE_0000086","T48I"
"703",2017,"3C.3a1","A/HongKong/4801/2014","NODE_0000086","A198S"
"704",2017,"3C.3a1","A/HongKong/4801/2014","NODE_0000086","T212A"
"705",2017,"3C.3a1","A/HongKong/4801/2014","NODE_0000086","V223I"
"706",2017,"3C.3a1","A/HongKong/4801/2014","NODE_0000086","N312S"
"707",2017,"3C.3a1","A/HongKong/4801/2014","NODE_0000086","K173Q"
"708",2017,"3C.3a1","A/HongKong/4801/2014","NODE_0000086","N189K"
"709",2017,"3C.3b","A/HongKong/4801/2014","NODE_0000048","K83R"
"710",2017,"3C.3b","A/HongKong/4801/2014","NODE_0000048","R261Q"
"711",2017,"3C.3b","A/HongKong/4801/2014","NODE_0000048","E62K"
"712",2017,"3C.3b","A/HongKong/4801/2014","NODE_0000048","N122D"
"713",2017,"3C.3b","A/HongKong/4801/2014","NODE_0000048","L157S"
"714",2017,"3C.3b","A/HongKong/4801/2014","NODE_0000048","T128A"
"715",2017,"3C.3b","A/HongKong/4801/2014","NODE_0000048","R142G"
"716",2017,"3C.3b","A/HongKong/4801/2014","NODE_0000048","N145S"
"717",2017,"3C.3b","A/HongKong/4801/2014","NODE_0000048","Q33R"
"718",2017,"3C.3b","A/HongKong/4801/2014","NODE_0000048","N278K"
"719",2017,"3C.3b","A/HongKong/4801/2014","NODE_0000048","S45N"
"720",2017,"3C.3b","A/HongKong/4801/2014","NODE_0000048","T48I"
"721",2017,"3C.3b","A/HongKong/4801/2014","NODE_0000048","A198S"
"722",2017,"3C.3b","A/HongKong/4801/2014","NODE_0000048","T212A"
"723",2017,"3C.3b","A/HongKong/4801/2014","NODE_0000048","V223I"
"724",2017,"3C.3b","A/HongKong/4801/2014","NODE_0000048","N312S"
"725",2017,"3C.3b","A/HongKong/4801/2014","NODE_0000048","K173Q"
"726",2017,"3C.3b","A/HongKong/4801/2014","NODE_0000048","N189K"
"727",2018,"3C.2","A/Singapore/Infimh-16-0019/2016","NODE_0000100","N145S"
"728",2018,"3C.2","A/Singapore/Infimh-16-0019/2016","NODE_0000100","Q33R"
"729",2018,"3C.2","A/Singapore/Infimh-16-0019/2016","NODE_0000100","N278K"
"730",2018,"3C.2","A/Singapore/Infimh-16-0019/2016","NODE_0000100","S45N"
"731",2018,"3C.2","A/Singapore/Infimh-16-0019/2016","NODE_0000100","T48I"
"732",2018,"3C.2","A/Singapore/Infimh-16-0019/2016","NODE_0000100","A198S"
"733",2018,"3C.2","A/Singapore/Infimh-16-0019/2016","NODE_0000100","T212A"
"734",2018,"3C.2","A/Singapore/Infimh-16-0019/2016","NODE_0000100","V223I"
"735",2018,"3C.2","A/Singapore/Infimh-16-0019/2016","NODE_0000100","N312S"
"736",2018,"3C.2","A/Singapore/Infimh-16-0019/2016","NODE_0000100","K173Q"
"737",2018,"3C.2","A/Singapore/Infimh-16-0019/2016","NODE_0000100","N189K"
"738",2018,"3C.2a","A/Singapore/Infimh-16-0019/2016","NODE_0000113","F159Y"
"739",2018,"3C.2a","A/Singapore/Infimh-16-0019/2016","NODE_0000113","N144S"
"740",2018,"3C.2a","A/Singapore/Infimh-16-0019/2016","NODE_0000113","K160T"
"741",2018,"3C.2a","A/Singapore/Infimh-16-0019/2016","NODE_0000113","N225D"
"742",2018,"3C.2a","A/Singapore/Infimh-16-0019/2016","NODE_0000113","Q311H"
"743",2018,"3C.2a","A/Singapore/Infimh-16-0019/2016","NODE_0000113","L3I"
"744",2018,"3C.2a","A/Singapore/Infimh-16-0019/2016","NODE_0000113","N145S"
"745",2018,"3C.2a","A/Singapore/Infimh-16-0019/2016","NODE_0000113","Q33R"
"746",2018,"3C.2a","A/Singapore/Infimh-16-0019/2016","NODE_0000113","N278K"
"747",2018,"3C.2a","A/Singapore/Infimh-16-0019/2016","NODE_0000113","S45N"
"748",2018,"3C.2a","A/Singapore/Infimh-16-0019/2016","NODE_0000113","T48I"
"749",2018,"3C.2a","A/Singapore/Infimh-16-0019/2016","NODE_0000113","A198S"
"750",2018,"3C.2a","A/Singapore/Infimh-16-0019/2016","NODE_0000113","T212A"
"751",2018,"3C.2a","A/Singapore/Infimh-16-0019/2016","NODE_0000113","V223I"
"752",2018,"3C.2a","A/Singapore/Infimh-16-0019/2016","NODE_0000113","N312S"
"753",2018,"3C.2a","A/Singapore/Infimh-16-0019/2016","NODE_0000113","K173Q"
"754",2018,"3C.2a","A/Singapore/Infimh-16-0019/2016","NODE_0000113","N189K"
"755",2018,"3C.2a1","A/Singapore/Infimh-16-0019/2016","NODE_0000250","N121K"
"756",2018,"3C.2a1","A/Singapore/Infimh-16-0019/2016","NODE_0000250","N171K"
"757",2018,"3C.2a1","A/Singapore/Infimh-16-0019/2016","NODE_0000250","F159Y"
"758",2018,"3C.2a1","A/Singapore/Infimh-16-0019/2016","NODE_0000250","N144S"
"759",2018,"3C.2a1","A/Singapore/Infimh-16-0019/2016","NODE_0000250","K160T"
"760",2018,"3C.2a1","A/Singapore/Infimh-16-0019/2016","NODE_0000250","N225D"
"761",2018,"3C.2a1","A/Singapore/Infimh-16-0019/2016","NODE_0000250","Q311H"
"762",2018,"3C.2a1","A/Singapore/Infimh-16-0019/2016","NODE_0000250","L3I"
"763",2018,"3C.2a1","A/Singapore/Infimh-16-0019/2016","NODE_0000250","N145S"
"764",2018,"3C.2a1","A/Singapore/Infimh-16-0019/2016","NODE_0000250","Q33R"
"765",2018,"3C.2a1","A/Singapore/Infimh-16-0019/2016","NODE_0000250","N278K"
"766",2018,"3C.2a1","A/Singapore/Infimh-16-0019/2016","NODE_0000250","S45N"
"767",2018,"3C.2a1","A/Singapore/Infimh-16-0019/2016","NODE_0000250","T48I"
"768",2018,"3C.2a1","A/Singapore/Infimh-16-0019/2016","NODE_0000250","A198S"
"769",2018,"3C.2a1","A/Singapore/Infimh-16-0019/2016","NODE_0000250","T212A"
"770",2018,"3C.2a1","A/Singapore/Infimh-16-0019/2016","NODE_0000250","V223I"
"771",2018,"3C.2a1","A/Singapore/Infimh-16-0019/2016","NODE_0000250","N312S"
"772",2018,"3C.2a1","A/Singapore/Infimh-16-0019/2016","NODE_0000250","K173Q"
"773",2018,"3C.2a1","A/Singapore/Infimh-16-0019/2016","NODE_0000250","N189K"
"774",2018,"3C.2a1b.1","A/Singapore/Infimh-16-0019/2016","NODE_0000301","T135K"
"775",2018,"3C.2a1b.1","A/Singapore/Infimh-16-0019/2016","NODE_0000301","E62G"
"776",2018,"3C.2a1b.1","A/Singapore/Infimh-16-0019/2016","NODE_0000301","R142G"
"777",2018,"3C.2a1b.1","A/Singapore/Infimh-16-0019/2016","NODE_0000301","K92R"
"778",2018,"3C.2a1b.1","A/Singapore/Infimh-16-0019/2016","NODE_0000301","H311Q"
"779",2018,"3C.2a1b.1","A/Singapore/Infimh-16-0019/2016","NODE_0000301","N121K"
"780",2018,"3C.2a1b.1","A/Singapore/Infimh-16-0019/2016","NODE_0000301","N171K"
"781",2018,"3C.2a1b.1","A/Singapore/Infimh-16-0019/2016","NODE_0000301","F159Y"
"782",2018,"3C.2a1b.1","A/Singapore/Infimh-16-0019/2016","NODE_0000301","N144S"
"783",2018,"3C.2a1b.1","A/Singapore/Infimh-16-0019/2016","NODE_0000301","K160T"
"784",2018,"3C.2a1b.1","A/Singapore/Infimh-16-0019/2016","NODE_0000301","N225D"
"785",2018,"3C.2a1b.1","A/Singapore/Infimh-16-0019/2016","NODE_0000301","Q311H"
"786",2018,"3C.2a1b.1","A/Singapore/Infimh-16-0019/2016","NODE_0000301","L3I"
"787",2018,"3C.2a1b.1","A/Singapore/Infimh-16-0019/2016","NODE_0000301","N145S"
"788",2018,"3C.2a1b.1","A/Singapore/Infimh-16-0019/2016","NODE_0000301","Q33R"
"789",2018,"3C.2a1b.1","A/Singapore/Infimh-16-0019/2016","NODE_0000301","N278K"
"790",2018,"3C.2a1b.1","A/Singapore/Infimh-16-0019/2016","NODE_0000301","S45N"
"791",2018,"3C.2a1b.1","A/Singapore/Infimh-16-0019/2016","NODE_0000301","T48I"
"792",2018,"3C.2a1b.1","A/Singapore/Infimh-16-0019/2016","NODE_0000301","A198S"
"793",2018,"3C.2a1b.1","A/Singapore/Infimh-16-0019/2016","NODE_0000301","T212A"
"794",2018,"3C.2a1b.1","A/Singapore/Infimh-16-0019/2016","NODE_0000301","V223I"
"795",2018,"3C.2a1b.1","A/Singapore/Infimh-16-0019/2016","NODE_0000301","N312S"
"796",2018,"3C.2a1b.1","A/Singapore/Infimh-16-0019/2016","NODE_0000301","K173Q"
"797",2018,"3C.2a1b.1","A/Singapore/Infimh-16-0019/2016","NODE_0000301","N189K"
"798",2018,"3C.2a1b.1b","A/Singapore/Infimh-16-0019/2016","NODE_0000335","S137F"
"799",2018,"3C.2a1b.1b","A/Singapore/Infimh-16-0019/2016","NODE_0000335","A138S"
"800",2018,"3C.2a1b.1b","A/Singapore/Infimh-16-0019/2016","NODE_0000335","F193S"
"801",2018,"3C.2a1b.1b","A/Singapore/Infimh-16-0019/2016","NODE_0000335","T128A"
"802",2018,"3C.2a1b.1b","A/Singapore/Infimh-16-0019/2016","NODE_0000335","T135K"
"803",2018,"3C.2a1b.1b","A/Singapore/Infimh-16-0019/2016","NODE_0000335","E62G"
"804",2018,"3C.2a1b.1b","A/Singapore/Infimh-16-0019/2016","NODE_0000335","R142G"
"805",2018,"3C.2a1b.1b","A/Singapore/Infimh-16-0019/2016","NODE_0000335","K92R"
"806",2018,"3C.2a1b.1b","A/Singapore/Infimh-16-0019/2016","NODE_0000335","H311Q"
"807",2018,"3C.2a1b.1b","A/Singapore/Infimh-16-0019/2016","NODE_0000335","N121K"
"808",2018,"3C.2a1b.1b","A/Singapore/Infimh-16-0019/2016","NODE_0000335","N171K"
"809",2018,"3C.2a1b.1b","A/Singapore/Infimh-16-0019/2016","NODE_0000335","F159Y"
"810",2018,"3C.2a1b.1b","A/Singapore/Infimh-16-0019/2016","NODE_0000335","N144S"
"811",2018,"3C.2a1b.1b","A/Singapore/Infimh-16-0019/2016","NODE_0000335","K160T"
"812",2018,"3C.2a1b.1b","A/Singapore/Infimh-16-0019/2016","NODE_0000335","N225D"
"813",2018,"3C.2a1b.1b","A/Singapore/Infimh-16-0019/2016","NODE_0000335","Q311H"
"814",2018,"3C.2a1b.1b","A/Singapore/Infimh-16-0019/2016","NODE_0000335","L3I"
"815",2018,"3C.2a1b.1b","A/Singapore/Infimh-16-0019/2016","NODE_0000335","N145S"
"816",2018,"3C.2a1b.1b","A/Singapore/Infimh-16-0019/2016","NODE_0000335","Q33R"
"817",2018,"3C.2a1b.1b","A/Singapore/Infimh-16-0019/2016","NODE_0000335","N278K"
"818",2018,"3C.2a1b.1b","A/Singapore/Infimh-16-0019/2016","NODE_0000335","S45N"
"819",2018,"3C.2a1b.1b","A/Singapore/Infimh-16-0019/2016","NODE_0000335","T48I"
"820",2018,"3C.2a1b.1b","A/Singapore/Infimh-16-0019/2016","NODE_0000335","A198S"
"821",2018,"3C.2a1b.1b","A/Singapore/Infimh-16-0019/2016","NODE_0000335","T212A"
"822",2018,"3C.2a1b.1b","A/Singapore/Infimh-16-0019/2016","NODE_0000335","V223I"
"823",2018,"3C.2a1b.1b","A/Singapore/Infimh-16-0019/2016","NODE_0000335","N312S"
"824",2018,"3C.2a1b.1b","A/Singapore/Infimh-16-0019/2016","NODE_0000335","K173Q"
"825",2018,"3C.2a1b.1b","A/Singapore/Infimh-16-0019/2016","NODE_0000335","N189K"
"826",2018,"3C.2a1b.2","A/Singapore/Infimh-16-0019/2016","NODE_0000373","T131K"
"827",2018,"3C.2a1b.2","A/Singapore/Infimh-16-0019/2016","NODE_0000373","E62G"
"828",2018,"3C.2a1b.2","A/Singapore/Infimh-16-0019/2016","NODE_0000373","R142G"
"829",2018,"3C.2a1b.2","A/Singapore/Infimh-16-0019/2016","NODE_0000373","K92R"
"830",2018,"3C.2a1b.2","A/Singapore/Infimh-16-0019/2016","NODE_0000373","H311Q"
"831",2018,"3C.2a1b.2","A/Singapore/Infimh-16-0019/2016","NODE_0000373","N121K"
"832",2018,"3C.2a1b.2","A/Singapore/Infimh-16-0019/2016","NODE_0000373","N171K"
"833",2018,"3C.2a1b.2","A/Singapore/Infimh-16-0019/2016","NODE_0000373","F159Y"
"834",2018,"3C.2a1b.2","A/Singapore/Infimh-16-0019/2016","NODE_0000373","N144S"
"835",2018,"3C.2a1b.2","A/Singapore/Infimh-16-0019/2016","NODE_0000373","K160T"
"836",2018,"3C.2a1b.2","A/Singapore/Infimh-16-0019/2016","NODE_0000373","N225D"
"837",2018,"3C.2a1b.2","A/Singapore/Infimh-16-0019/2016","NODE_0000373","Q311H"
"838",2018,"3C.2a1b.2","A/Singapore/Infimh-16-0019/2016","NODE_0000373","L3I"
"839",2018,"3C.2a1b.2","A/Singapore/Infimh-16-0019/2016","NODE_0000373","N145S"
"840",2018,"3C.2a1b.2","A/Singapore/Infimh-16-0019/2016","NODE_0000373","Q33R"
"841",2018,"3C.2a1b.2","A/Singapore/Infimh-16-0019/2016","NODE_0000373","N278K"
"842",2018,"3C.2a1b.2","A/Singapore/Infimh-16-0019/2016","NODE_0000373","S45N"
"843",2018,"3C.2a1b.2","A/Singapore/Infimh-16-0019/2016","NODE_0000373","T48I"
"844",2018,"3C.2a1b.2","A/Singapore/Infimh-16-0019/2016","NODE_0000373","A198S"
"845",2018,"3C.2a1b.2","A/Singapore/Infimh-16-0019/2016","NODE_0000373","T212A"
"846",2018,"3C.2a1b.2","A/Singapore/Infimh-16-0019/2016","NODE_0000373","V223I"
"847",2018,"3C.2a1b.2","A/Singapore/Infimh-16-0019/2016","NODE_0000373","N312S"
"848",2018,"3C.2a1b.2","A/Singapore/Infimh-16-0019/2016","NODE_0000373","K173Q"
"849",2018,"3C.2a1b.2","A/Singapore/Infimh-16-0019/2016","NODE_0000373","N189K"
"850",2018,"3C.2a1b.2a","A/Singapore/Infimh-16-0019/2016","NODE_0000397","Y94N"
"851",2018,"3C.2a1b.2a","A/Singapore/Infimh-16-0019/2016","NODE_0000397","K83E"
"852",2018,"3C.2a1b.2a","A/Singapore/Infimh-16-0019/2016","NODE_0000397","T131K"
"853",2018,"3C.2a1b.2a","A/Singapore/Infimh-16-0019/2016","NODE_0000397","E62G"
"854",2018,"3C.2a1b.2a","A/Singapore/Infimh-16-0019/2016","NODE_0000397","R142G"
"855",2018,"3C.2a1b.2a","A/Singapore/Infimh-16-0019/2016","NODE_0000397","K92R"
"856",2018,"3C.2a1b.2a","A/Singapore/Infimh-16-0019/2016","NODE_0000397","H311Q"
"857",2018,"3C.2a1b.2a","A/Singapore/Infimh-16-0019/2016","NODE_0000397","N121K"
"858",2018,"3C.2a1b.2a","A/Singapore/Infimh-16-0019/2016","NODE_0000397","N171K"
"859",2018,"3C.2a1b.2a","A/Singapore/Infimh-16-0019/2016","NODE_0000397","F159Y"
"860",2018,"3C.2a1b.2a","A/Singapore/Infimh-16-0019/2016","NODE_0000397","N144S"
"861",2018,"3C.2a1b.2a","A/Singapore/Infimh-16-0019/2016","NODE_0000397","K160T"
"862",2018,"3C.2a1b.2a","A/Singapore/Infimh-16-0019/2016","NODE_0000397","N225D"
"863",2018,"3C.2a1b.2a","A/Singapore/Infimh-16-0019/2016","NODE_0000397","Q311H"
"864",2018,"3C.2a1b.2a","A/Singapore/Infimh-16-0019/2016","NODE_0000397","L3I"
"865",2018,"3C.2a1b.2a","A/Singapore/Infimh-16-0019/2016","NODE_0000397","N145S"
"866",2018,"3C.2a1b.2a","A/Singapore/Infimh-16-0019/2016","NODE_0000397","Q33R"
"867",2018,"3C.2a1b.2a","A/Singapore/Infimh-16-0019/2016","NODE_0000397","N278K"
"868",2018,"3C.2a1b.2a","A/Singapore/Infimh-16-0019/2016","NODE_0000397","S45N"
"869",2018,"3C.2a1b.2a","A/Singapore/Infimh-16-0019/2016","NODE_0000397","T48I"
"870",2018,"3C.2a1b.2a","A/Singapore/Infimh-16-0019/2016","NODE_0000397","A198S"
"871",2018,"3C.2a1b.2a","A/Singapore/Infimh-16-0019/2016","NODE_0000397","T212A"
"872",2018,"3C.2a1b.2a","A/Singapore/Infimh-16-0019/2016","NODE_0000397","V223I"
"873",2018,"3C.2a1b.2a","A/Singapore/Infimh-16-0019/2016","NODE_0000397","N312S"
"874",2018,"3C.2a1b.2a","A/Singapore/Infimh-16-0019/2016","NODE_0000397","K173Q"
"875",2018,"3C.2a1b.2a","A/Singapore/Infimh-16-0019/2016","NODE_0000397","N189K"
"876",2018,"3C.2a1b.2b","A/Singapore/Infimh-16-0019/2016","NODE_0000382","Q197R"
"877",2018,"3C.2a1b.2b","A/Singapore/Infimh-16-0019/2016","NODE_0000382","S219F"
"878",2018,"3C.2a1b.2b","A/Singapore/Infimh-16-0019/2016","NODE_0000382","T131K"
"879",2018,"3C.2a1b.2b","A/Singapore/Infimh-16-0019/2016","NODE_0000382","E62G"
"880",2018,"3C.2a1b.2b","A/Singapore/Infimh-16-0019/2016","NODE_0000382","R142G"
"881",2018,"3C.2a1b.2b","A/Singapore/Infimh-16-0019/2016","NODE_0000382","K92R"
"882",2018,"3C.2a1b.2b","A/Singapore/Infimh-16-0019/2016","NODE_0000382","H311Q"
"883",2018,"3C.2a1b.2b","A/Singapore/Infimh-16-0019/2016","NODE_0000382","N121K"
"884",2018,"3C.2a1b.2b","A/Singapore/Infimh-16-0019/2016","NODE_0000382","N171K"
"885",2018,"3C.2a1b.2b","A/Singapore/Infimh-16-0019/2016","NODE_0000382","F159Y"
"886",2018,"3C.2a1b.2b","A/Singapore/Infimh-16-0019/2016","NODE_0000382","N144S"
"887",2018,"3C.2a1b.2b","A/Singapore/Infimh-16-0019/2016","NODE_0000382","K160T"
"888",2018,"3C.2a1b.2b","A/Singapore/Infimh-16-0019/2016","NODE_0000382","N225D"
"889",2018,"3C.2a1b.2b","A/Singapore/Infimh-16-0019/2016","NODE_0000382","Q311H"
"890",2018,"3C.2a1b.2b","A/Singapore/Infimh-16-0019/2016","NODE_0000382","L3I"
"891",2018,"3C.2a1b.2b","A/Singapore/Infimh-16-0019/2016","NODE_0000382","N145S"
"892",2018,"3C.2a1b.2b","A/Singapore/Infimh-16-0019/2016","NODE_0000382","Q33R"
"893",2018,"3C.2a1b.2b","A/Singapore/Infimh-16-0019/2016","NODE_0000382","N278K"
"894",2018,"3C.2a1b.2b","A/Singapore/Infimh-16-0019/2016","NODE_0000382","S45N"
"895",2018,"3C.2a1b.2b","A/Singapore/Infimh-16-0019/2016","NODE_0000382","T48I"
"896",2018,"3C.2a1b.2b","A/Singapore/Infimh-16-0019/2016","NODE_0000382","A198S"
"897",2018,"3C.2a1b.2b","A/Singapore/Infimh-16-0019/2016","NODE_0000382","T212A"
"898",2018,"3C.2a1b.2b","A/Singapore/Infimh-16-0019/2016","NODE_0000382","V223I"
"899",2018,"3C.2a1b.2b","A/Singapore/Infimh-16-0019/2016","NODE_0000382","N312S"
"900",2018,"3C.2a1b.2b","A/Singapore/Infimh-16-0019/2016","NODE_0000382","K173Q"
"901",2018,"3C.2a1b.2b","A/Singapore/Infimh-16-0019/2016","NODE_0000382","N189K"
"902",2018,"3C.2a2","A/Singapore/Infimh-16-0019/2016","NODE_0000201","R261Q"
"903",2018,"3C.2a2","A/Singapore/Infimh-16-0019/2016","NODE_0000201","N131K"
"904",2018,"3C.2a2","A/Singapore/Infimh-16-0019/2016","NODE_0000201","R142K"
"905",2018,"3C.2a2","A/Singapore/Infimh-16-0019/2016","NODE_0000201","T131N"
"906",2018,"3C.2a2","A/Singapore/Infimh-16-0019/2016","NODE_0000201","F159Y"
"907",2018,"3C.2a2","A/Singapore/Infimh-16-0019/2016","NODE_0000201","N144S"
"908",2018,"3C.2a2","A/Singapore/Infimh-16-0019/2016","NODE_0000201","K160T"
"909",2018,"3C.2a2","A/Singapore/Infimh-16-0019/2016","NODE_0000201","N225D"
"910",2018,"3C.2a2","A/Singapore/Infimh-16-0019/2016","NODE_0000201","Q311H"
"911",2018,"3C.2a2","A/Singapore/Infimh-16-0019/2016","NODE_0000201","L3I"
"912",2018,"3C.2a2","A/Singapore/Infimh-16-0019/2016","NODE_0000201","N145S"
"913",2018,"3C.2a2","A/Singapore/Infimh-16-0019/2016","NODE_0000201","Q33R"
"914",2018,"3C.2a2","A/Singapore/Infimh-16-0019/2016","NODE_0000201","N278K"
"915",2018,"3C.2a2","A/Singapore/Infimh-16-0019/2016","NODE_0000201","S45N"
"916",2018,"3C.2a2","A/Singapore/Infimh-16-0019/2016","NODE_0000201","T48I"
"917",2018,"3C.2a2","A/Singapore/Infimh-16-0019/2016","NODE_0000201","A198S"
"918",2018,"3C.2a2","A/Singapore/Infimh-16-0019/2016","NODE_0000201","T212A"
"919",2018,"3C.2a2","A/Singapore/Infimh-16-0019/2016","NODE_0000201","V223I"
"920",2018,"3C.2a2","A/Singapore/Infimh-16-0019/2016","NODE_0000201","N312S"
"921",2018,"3C.2a2","A/Singapore/Infimh-16-0019/2016","NODE_0000201","K173Q"
"922",2018,"3C.2a2","A/Singapore/Infimh-16-0019/2016","NODE_0000201","N189K"
"923",2018,"3C.2a3","A/Singapore/Infimh-16-0019/2016","NODE_0000154","N121K"
"924",2018,"3C.2a3","A/Singapore/Infimh-16-0019/2016","NODE_0000154","S144K"
"925",2018,"3C.2a3","A/Singapore/Infimh-16-0019/2016","NODE_0000154","F159Y"
"926",2018,"3C.2a3","A/Singapore/Infimh-16-0019/2016","NODE_0000154","N144S"
"927",2018,"3C.2a3","A/Singapore/Infimh-16-0019/2016","NODE_0000154","K160T"
"928",2018,"3C.2a3","A/Singapore/Infimh-16-0019/2016","NODE_0000154","N225D"
"929",2018,"3C.2a3","A/Singapore/Infimh-16-0019/2016","NODE_0000154","Q311H"
"930",2018,"3C.2a3","A/Singapore/Infimh-16-0019/2016","NODE_0000154","L3I"
"931",2018,"3C.2a3","A/Singapore/Infimh-16-0019/2016","NODE_0000154","N145S"
"932",2018,"3C.2a3","A/Singapore/Infimh-16-0019/2016","NODE_0000154","Q33R"
"933",2018,"3C.2a3","A/Singapore/Infimh-16-0019/2016","NODE_0000154","N278K"
"934",2018,"3C.2a3","A/Singapore/Infimh-16-0019/2016","NODE_0000154","S45N"
"935",2018,"3C.2a3","A/Singapore/Infimh-16-0019/2016","NODE_0000154","T48I"
"936",2018,"3C.2a3","A/Singapore/Infimh-16-0019/2016","NODE_0000154","A198S"
"937",2018,"3C.2a3","A/Singapore/Infimh-16-0019/2016","NODE_0000154","T212A"
"938",2018,"3C.2a3","A/Singapore/Infimh-16-0019/2016","NODE_0000154","V223I"
"939",2018,"3C.2a3","A/Singapore/Infimh-16-0019/2016","NODE_0000154","N312S"
"940",2018,"3C.2a3","A/Singapore/Infimh-16-0019/2016","NODE_0000154","K173Q"
"941",2018,"3C.2a3","A/Singapore/Infimh-16-0019/2016","NODE_0000154","N189K"
"942",2018,"3C.3a","A/Singapore/Infimh-16-0019/2016","NODE_0000054","F159S"
"943",2018,"3C.3a","A/Singapore/Infimh-16-0019/2016","NODE_0000054","A138S"
"944",2018,"3C.3a","A/Singapore/Infimh-16-0019/2016","NODE_0000054","N225D"
"945",2018,"3C.3a","A/Singapore/Infimh-16-0019/2016","NODE_0000054","K326R"
"946",2018,"3C.3a","A/Singapore/Infimh-16-0019/2016","NODE_0000054","T128A"
"947",2018,"3C.3a","A/Singapore/Infimh-16-0019/2016","NODE_0000054","R142G"
"948",2018,"3C.3a","A/Singapore/Infimh-16-0019/2016","NODE_0000054","N145S"
"949",2018,"3C.3a","A/Singapore/Infimh-16-0019/2016","NODE_0000054","Q33R"
"950",2018,"3C.3a","A/Singapore/Infimh-16-0019/2016","NODE_0000054","N278K"
"951",2018,"3C.3a","A/Singapore/Infimh-16-0019/2016","NODE_0000054","S45N"
"952",2018,"3C.3a","A/Singapore/Infimh-16-0019/2016","NODE_0000054","T48I"
"953",2018,"3C.3a","A/Singapore/Infimh-16-0019/2016","NODE_0000054","A198S"
"954",2018,"3C.3a","A/Singapore/Infimh-16-0019/2016","NODE_0000054","T212A"
"955",2018,"3C.3a","A/Singapore/Infimh-16-0019/2016","NODE_0000054","V223I"
"956",2018,"3C.3a","A/Singapore/Infimh-16-0019/2016","NODE_0000054","N312S"
"957",2018,"3C.3a","A/Singapore/Infimh-16-0019/2016","NODE_0000054","K173Q"
"958",2018,"3C.3a","A/Singapore/Infimh-16-0019/2016","NODE_0000054","N189K"
"959",2018,"3C.3a1","A/Singapore/Infimh-16-0019/2016","NODE_0000086","L3I"
"960",2018,"3C.3a1","A/Singapore/Infimh-16-0019/2016","NODE_0000086","S91N"
"961",2018,"3C.3a1","A/Singapore/Infimh-16-0019/2016","NODE_0000086","N144K"
"962",2018,"3C.3a1","A/Singapore/Infimh-16-0019/2016","NODE_0000086","F193S"
"963",2018,"3C.3a1","A/Singapore/Infimh-16-0019/2016","NODE_0000086","F159S"
"964",2018,"3C.3a1","A/Singapore/Infimh-16-0019/2016","NODE_0000086","A138S"
"965",2018,"3C.3a1","A/Singapore/Infimh-16-0019/2016","NODE_0000086","N225D"
"966",2018,"3C.3a1","A/Singapore/Infimh-16-0019/2016","NODE_0000086","K326R"
"967",2018,"3C.3a1","A/Singapore/Infimh-16-0019/2016","NODE_0000086","T128A"
"968",2018,"3C.3a1","A/Singapore/Infimh-16-0019/2016","NODE_0000086","R142G"
"969",2018,"3C.3a1","A/Singapore/Infimh-16-0019/2016","NODE_0000086","N145S"
"970",2018,"3C.3a1","A/Singapore/Infimh-16-0019/2016","NODE_0000086","Q33R"
"971",2018,"3C.3a1","A/Singapore/Infimh-16-0019/2016","NODE_0000086","N278K"
"972",2018,"3C.3a1","A/Singapore/Infimh-16-0019/2016","NODE_0000086","S45N"
"973",2018,"3C.3a1","A/Singapore/Infimh-16-0019/2016","NODE_0000086","T48I"
"974",2018,"3C.3a1","A/Singapore/Infimh-16-0019/2016","NODE_0000086","A198S"
"975",2018,"3C.3a1","A/Singapore/Infimh-16-0019/2016","NODE_0000086","T212A"
"976",2018,"3C.3a1","A/Singapore/Infimh-16-0019/2016","NODE_0000086","V223I"
"977",2018,"3C.3a1","A/Singapore/Infimh-16-0019/2016","NODE_0000086","N312S"
"978",2018,"3C.3a1","A/Singapore/Infimh-16-0019/2016","NODE_0000086","K173Q"
"979",2018,"3C.3a1","A/Singapore/Infimh-16-0019/2016","NODE_0000086","N189K"
"980",2019,"3C.2a1b.1","A/Kansas/14/2017","NODE_0000301","T135K"
"981",2019,"3C.2a1b.1","A/Kansas/14/2017","NODE_0000301","E62G"
"982",2019,"3C.2a1b.1","A/Kansas/14/2017","NODE_0000301","R142G"
"983",2019,"3C.2a1b.1","A/Kansas/14/2017","NODE_0000301","K92R"
"984",2019,"3C.2a1b.1","A/Kansas/14/2017","NODE_0000301","H311Q"
"985",2019,"3C.2a1b.1","A/Kansas/14/2017","NODE_0000301","N121K"
"986",2019,"3C.2a1b.1","A/Kansas/14/2017","NODE_0000301","N171K"
"987",2019,"3C.2a1b.1","A/Kansas/14/2017","NODE_0000301","F159Y"
"988",2019,"3C.2a1b.1","A/Kansas/14/2017","NODE_0000301","N144S"
"989",2019,"3C.2a1b.1","A/Kansas/14/2017","NODE_0000301","K160T"
"990",2019,"3C.2a1b.1","A/Kansas/14/2017","NODE_0000301","N225D"
"991",2019,"3C.2a1b.1","A/Kansas/14/2017","NODE_0000301","Q311H"
"992",2019,"3C.2a1b.1","A/Kansas/14/2017","NODE_0000301","L3I"
"993",2019,"3C.2a1b.1","A/Kansas/14/2017","NODE_0000301","N145S"
"994",2019,"3C.2a1b.1","A/Kansas/14/2017","NODE_0000301","Q33R"
"995",2019,"3C.2a1b.1","A/Kansas/14/2017","NODE_0000301","N278K"
"996",2019,"3C.2a1b.1","A/Kansas/14/2017","NODE_0000301","S45N"
"997",2019,"3C.2a1b.1","A/Kansas/14/2017","NODE_0000301","T48I"
"998",2019,"3C.2a1b.1","A/Kansas/14/2017","NODE_0000301","A198S"
"999",2019,"3C.2a1b.1","A/Kansas/14/2017","NODE_0000301","T212A"
"1000",2019,"3C.2a1b.1","A/Kansas/14/2017","NODE_0000301","V223I"
"1001",2019,"3C.2a1b.1","A/Kansas/14/2017","NODE_0000301","N312S"
"1002",2019,"3C.2a1b.1","A/Kansas/14/2017","NODE_0000301","K173Q"
"1003",2019,"3C.2a1b.1","A/Kansas/14/2017","NODE_0000301","N189K"
"1004",2019,"3C.2a1b.1a","A/Kansas/14/2017","NODE_0000362","G186D"
"1005",2019,"3C.2a1b.1a","A/Kansas/14/2017","NODE_0000362","D190N"
"1006",2019,"3C.2a1b.1a","A/Kansas/14/2017","NODE_0000362","A138S"
"1007",2019,"3C.2a1b.1a","A/Kansas/14/2017","NODE_0000362","F193S"
"1008",2019,"3C.2a1b.1a","A/Kansas/14/2017","NODE_0000362","S198P"
"1009",2019,"3C.2a1b.1a","A/Kansas/14/2017","NODE_0000362","T128A"
"1010",2019,"3C.2a1b.1a","A/Kansas/14/2017","NODE_0000362","T135K"
"1011",2019,"3C.2a1b.1a","A/Kansas/14/2017","NODE_0000362","E62G"
"1012",2019,"3C.2a1b.1a","A/Kansas/14/2017","NODE_0000362","R142G"
"1013",2019,"3C.2a1b.1a","A/Kansas/14/2017","NODE_0000362","K92R"
"1014",2019,"3C.2a1b.1a","A/Kansas/14/2017","NODE_0000362","H311Q"
"1015",2019,"3C.2a1b.1a","A/Kansas/14/2017","NODE_0000362","N121K"
"1016",2019,"3C.2a1b.1a","A/Kansas/14/2017","NODE_0000362","N171K"
"1017",2019,"3C.2a1b.1a","A/Kansas/14/2017","NODE_0000362","F159Y"
"1018",2019,"3C.2a1b.1a","A/Kansas/14/2017","NODE_0000362","N144S"
"1019",2019,"3C.2a1b.1a","A/Kansas/14/2017","NODE_0000362","K160T"
"1020",2019,"3C.2a1b.1a","A/Kansas/14/2017","NODE_0000362","N225D"
"1021",2019,"3C.2a1b.1a","A/Kansas/14/2017","NODE_0000362","Q311H"
"1022",2019,"3C.2a1b.1a","A/Kansas/14/2017","NODE_0000362","L3I"
"1023",2019,"3C.2a1b.1a","A/Kansas/14/2017","NODE_0000362","N145S"
"1024",2019,"3C.2a1b.1a","A/Kansas/14/2017","NODE_0000362","Q33R"
"1025",2019,"3C.2a1b.1a","A/Kansas/14/2017","NODE_0000362","N278K"
"1026",2019,"3C.2a1b.1a","A/Kansas/14/2017","NODE_0000362","S45N"
"1027",2019,"3C.2a1b.1a","A/Kansas/14/2017","NODE_0000362","T48I"
"1028",2019,"3C.2a1b.1a","A/Kansas/14/2017","NODE_0000362","A198S"
"1029",2019,"3C.2a1b.1a","A/Kansas/14/2017","NODE_0000362","T212A"
"1030",2019,"3C.2a1b.1a","A/Kansas/14/2017","NODE_0000362","V223I"
"1031",2019,"3C.2a1b.1a","A/Kansas/14/2017","NODE_0000362","N312S"
"1032",2019,"3C.2a1b.1a","A/Kansas/14/2017","NODE_0000362","K173Q"
"1033",2019,"3C.2a1b.1a","A/Kansas/14/2017","NODE_0000362","N189K"
"1034",2019,"3C.2a1b.1b","A/Kansas/14/2017","NODE_0000335","S137F"
"1035",2019,"3C.2a1b.1b","A/Kansas/14/2017","NODE_0000335","A138S"
"1036",2019,"3C.2a1b.1b","A/Kansas/14/2017","NODE_0000335","F193S"
"1037",2019,"3C.2a1b.1b","A/Kansas/14/2017","NODE_0000335","T128A"
"1038",2019,"3C.2a1b.1b","A/Kansas/14/2017","NODE_0000335","T135K"
"1039",2019,"3C.2a1b.1b","A/Kansas/14/2017","NODE_0000335","E62G"
"1040",2019,"3C.2a1b.1b","A/Kansas/14/2017","NODE_0000335","R142G"
"1041",2019,"3C.2a1b.1b","A/Kansas/14/2017","NODE_0000335","K92R"
"1042",2019,"3C.2a1b.1b","A/Kansas/14/2017","NODE_0000335","H311Q"
"1043",2019,"3C.2a1b.1b","A/Kansas/14/2017","NODE_0000335","N121K"
"1044",2019,"3C.2a1b.1b","A/Kansas/14/2017","NODE_0000335","N171K"
"1045",2019,"3C.2a1b.1b","A/Kansas/14/2017","NODE_0000335","F159Y"
"1046",2019,"3C.2a1b.1b","A/Kansas/14/2017","NODE_0000335","N144S"
"1047",2019,"3C.2a1b.1b","A/Kansas/14/2017","NODE_0000335","K160T"
"1048",2019,"3C.2a1b.1b","A/Kansas/14/2017","NODE_0000335","N225D"
"1049",2019,"3C.2a1b.1b","A/Kansas/14/2017","NODE_0000335","Q311H"
"1050",2019,"3C.2a1b.1b","A/Kansas/14/2017","NODE_0000335","L3I"
"1051",2019,"3C.2a1b.1b","A/Kansas/14/2017","NODE_0000335","N145S"
"1052",2019,"3C.2a1b.1b","A/Kansas/14/2017","NODE_0000335","Q33R"
"1053",2019,"3C.2a1b.1b","A/Kansas/14/2017","NODE_0000335","N278K"
"1054",2019,"3C.2a1b.1b","A/Kansas/14/2017","NODE_0000335","S45N"
"1055",2019,"3C.2a1b.1b","A/Kansas/14/2017","NODE_0000335","T48I"
"1056",2019,"3C.2a1b.1b","A/Kansas/14/2017","NODE_0000335","A198S"
"1057",2019,"3C.2a1b.1b","A/Kansas/14/2017","NODE_0000335","T212A"
"1058",2019,"3C.2a1b.1b","A/Kansas/14/2017","NODE_0000335","V223I"
"1059",2019,"3C.2a1b.1b","A/Kansas/14/2017","NODE_0000335","N312S"
"1060",2019,"3C.2a1b.1b","A/Kansas/14/2017","NODE_0000335","K173Q"
"1061",2019,"3C.2a1b.1b","A/Kansas/14/2017","NODE_0000335","N189K"
"1062",2019,"3C.2a1b.2","A/Kansas/14/2017","NODE_0000373","T131K"
"1063",2019,"3C.2a1b.2","A/Kansas/14/2017","NODE_0000373","E62G"
"1064",2019,"3C.2a1b.2","A/Kansas/14/2017","NODE_0000373","R142G"
"1065",2019,"3C.2a1b.2","A/Kansas/14/2017","NODE_0000373","K92R"
"1066",2019,"3C.2a1b.2","A/Kansas/14/2017","NODE_0000373","H311Q"
"1067",2019,"3C.2a1b.2","A/Kansas/14/2017","NODE_0000373","N121K"
"1068",2019,"3C.2a1b.2","A/Kansas/14/2017","NODE_0000373","N171K"
"1069",2019,"3C.2a1b.2","A/Kansas/14/2017","NODE_0000373","F159Y"
"1070",2019,"3C.2a1b.2","A/Kansas/14/2017","NODE_0000373","N144S"
"1071",2019,"3C.2a1b.2","A/Kansas/14/2017","NODE_0000373","K160T"
"1072",2019,"3C.2a1b.2","A/Kansas/14/2017","NODE_0000373","N225D"
"1073",2019,"3C.2a1b.2","A/Kansas/14/2017","NODE_0000373","Q311H"
"1074",2019,"3C.2a1b.2","A/Kansas/14/2017","NODE_0000373","L3I"
"1075",2019,"3C.2a1b.2","A/Kansas/14/2017","NODE_0000373","N145S"
"1076",2019,"3C.2a1b.2","A/Kansas/14/2017","NODE_0000373","Q33R"
"1077",2019,"3C.2a1b.2","A/Kansas/14/2017","NODE_0000373","N278K"
"1078",2019,"3C.2a1b.2","A/Kansas/14/2017","NODE_0000373","S45N"
"1079",2019,"3C.2a1b.2","A/Kansas/14/2017","NODE_0000373","T48I"
"1080",2019,"3C.2a1b.2","A/Kansas/14/2017","NODE_0000373","A198S"
"1081",2019,"3C.2a1b.2","A/Kansas/14/2017","NODE_0000373","T212A"
"1082",2019,"3C.2a1b.2","A/Kansas/14/2017","NODE_0000373","V223I"
"1083",2019,"3C.2a1b.2","A/Kansas/14/2017","NODE_0000373","N312S"
"1084",2019,"3C.2a1b.2","A/Kansas/14/2017","NODE_0000373","K173Q"
"1085",2019,"3C.2a1b.2","A/Kansas/14/2017","NODE_0000373","N189K"
"1086",2019,"3C.2a1b.2a","A/Kansas/14/2017","NODE_0000397","Y94N"
"1087",2019,"3C.2a1b.2a","A/Kansas/14/2017","NODE_0000397","K83E"
"1088",2019,"3C.2a1b.2a","A/Kansas/14/2017","NODE_0000397","T131K"
"1089",2019,"3C.2a1b.2a","A/Kansas/14/2017","NODE_0000397","E62G"
"1090",2019,"3C.2a1b.2a","A/Kansas/14/2017","NODE_0000397","R142G"
"1091",2019,"3C.2a1b.2a","A/Kansas/14/2017","NODE_0000397","K92R"
"1092",2019,"3C.2a1b.2a","A/Kansas/14/2017","NODE_0000397","H311Q"
"1093",2019,"3C.2a1b.2a","A/Kansas/14/2017","NODE_0000397","N121K"
"1094",2019,"3C.2a1b.2a","A/Kansas/14/2017","NODE_0000397","N171K"
"1095",2019,"3C.2a1b.2a","A/Kansas/14/2017","NODE_0000397","F159Y"
"1096",2019,"3C.2a1b.2a","A/Kansas/14/2017","NODE_0000397","N144S"
"1097",2019,"3C.2a1b.2a","A/Kansas/14/2017","NODE_0000397","K160T"
"1098",2019,"3C.2a1b.2a","A/Kansas/14/2017","NODE_0000397","N225D"
"1099",2019,"3C.2a1b.2a","A/Kansas/14/2017","NODE_0000397","Q311H"
"1100",2019,"3C.2a1b.2a","A/Kansas/14/2017","NODE_0000397","L3I"
"1101",2019,"3C.2a1b.2a","A/Kansas/14/2017","NODE_0000397","N145S"
"1102",2019,"3C.2a1b.2a","A/Kansas/14/2017","NODE_0000397","Q33R"
"1103",2019,"3C.2a1b.2a","A/Kansas/14/2017","NODE_0000397","N278K"
"1104",2019,"3C.2a1b.2a","A/Kansas/14/2017","NODE_0000397","S45N"
"1105",2019,"3C.2a1b.2a","A/Kansas/14/2017","NODE_0000397","T48I"
"1106",2019,"3C.2a1b.2a","A/Kansas/14/2017","NODE_0000397","A198S"
"1107",2019,"3C.2a1b.2a","A/Kansas/14/2017","NODE_0000397","T212A"
"1108",2019,"3C.2a1b.2a","A/Kansas/14/2017","NODE_0000397","V223I"
"1109",2019,"3C.2a1b.2a","A/Kansas/14/2017","NODE_0000397","N312S"
"1110",2019,"3C.2a1b.2a","A/Kansas/14/2017","NODE_0000397","K173Q"
"1111",2019,"3C.2a1b.2a","A/Kansas/14/2017","NODE_0000397","N189K"
"1112",2019,"3C.2a1b.2a","A/Kansas/14/2017","NODE_0000397","Y94N"
"1113",2019,"3C.2a1b.2a","A/Kansas/14/2017","NODE_0000397","K83E"
"1114",2019,"3C.2a1b.2a","A/Kansas/14/2017","NODE_0000397","T131K"
"1115",2019,"3C.2a1b.2a","A/Kansas/14/2017","NODE_0000397","E62G"
"1116",2019,"3C.2a1b.2a","A/Kansas/14/2017","NODE_0000397","R142G"
"1117",2019,"3C.2a1b.2a","A/Kansas/14/2017","NODE_0000397","K92R"
"1118",2019,"3C.2a1b.2a","A/Kansas/14/2017","NODE_0000397","H311Q"
"1119",2019,"3C.2a1b.2a","A/Kansas/14/2017","NODE_0000397","N121K"
"1120",2019,"3C.2a1b.2a","A/Kansas/14/2017","NODE_0000397","N171K"
"1121",2019,"3C.2a1b.2a","A/Kansas/14/2017","NODE_0000397","F159Y"
"1122",2019,"3C.2a1b.2a","A/Kansas/14/2017","NODE_0000397","N144S"
"1123",2019,"3C.2a1b.2a","A/Kansas/14/2017","NODE_0000397","K160T"
"1124",2019,"3C.2a1b.2a","A/Kansas/14/2017","NODE_0000397","N225D"
"1125",2019,"3C.2a1b.2a","A/Kansas/14/2017","NODE_0000397","Q311H"
"1126",2019,"3C.2a1b.2a","A/Kansas/14/2017","NODE_0000397","L3I"
"1127",2019,"3C.2a1b.2a","A/Kansas/14/2017","NODE_0000397","N145S"
"1128",2019,"3C.2a1b.2a","A/Kansas/14/2017","NODE_0000397","Q33R"
"1129",2019,"3C.2a1b.2a","A/Kansas/14/2017","NODE_0000397","N278K"
"1130",2019,"3C.2a1b.2a","A/Kansas/14/2017","NODE_0000397","S45N"
"1131",2019,"3C.2a1b.2a","A/Kansas/14/2017","NODE_0000397","T48I"
"1132",2019,"3C.2a1b.2a","A/Kansas/14/2017","NODE_0000397","A198S"
"1133",2019,"3C.2a1b.2a","A/Kansas/14/2017","NODE_0000397","T212A"
"1134",2019,"3C.2a1b.2a","A/Kansas/14/2017","NODE_0000397","V223I"
"1135",2019,"3C.2a1b.2a","A/Kansas/14/2017","NODE_0000397","N312S"
"1136",2019,"3C.2a1b.2a","A/Kansas/14/2017","NODE_0000397","K173Q"
"1137",2019,"3C.2a1b.2a","A/Kansas/14/2017","NODE_0000397","N189K"
"1138",2019,"3C.2a1b.2b","A/Kansas/14/2017","NODE_0000382","Q197R"
"1139",2019,"3C.2a1b.2b","A/Kansas/14/2017","NODE_0000382","S219F"
"1140",2019,"3C.2a1b.2b","A/Kansas/14/2017","NODE_0000382","T131K"
"1141",2019,"3C.2a1b.2b","A/Kansas/14/2017","NODE_0000382","E62G"
"1142",2019,"3C.2a1b.2b","A/Kansas/14/2017","NODE_0000382","R142G"
"1143",2019,"3C.2a1b.2b","A/Kansas/14/2017","NODE_0000382","K92R"
"1144",2019,"3C.2a1b.2b","A/Kansas/14/2017","NODE_0000382","H311Q"
"1145",2019,"3C.2a1b.2b","A/Kansas/14/2017","NODE_0000382","N121K"
"1146",2019,"3C.2a1b.2b","A/Kansas/14/2017","NODE_0000382","N171K"
"1147",2019,"3C.2a1b.2b","A/Kansas/14/2017","NODE_0000382","F159Y"
"1148",2019,"3C.2a1b.2b","A/Kansas/14/2017","NODE_0000382","N144S"
"1149",2019,"3C.2a1b.2b","A/Kansas/14/2017","NODE_0000382","K160T"
"1150",2019,"3C.2a1b.2b","A/Kansas/14/2017","NODE_0000382","N225D"
"1151",2019,"3C.2a1b.2b","A/Kansas/14/2017","NODE_0000382","Q311H"
"1152",2019,"3C.2a1b.2b","A/Kansas/14/2017","NODE_0000382","L3I"
"1153",2019,"3C.2a1b.2b","A/Kansas/14/2017","NODE_0000382","N145S"
"1154",2019,"3C.2a1b.2b","A/Kansas/14/2017","NODE_0000382","Q33R"
"1155",2019,"3C.2a1b.2b","A/Kansas/14/2017","NODE_0000382","N278K"
"1156",2019,"3C.2a1b.2b","A/Kansas/14/2017","NODE_0000382","S45N"
"1157",2019,"3C.2a1b.2b","A/Kansas/14/2017","NODE_0000382","T48I"
"1158",2019,"3C.2a1b.2b","A/Kansas/14/2017","NODE_0000382","A198S"
"1159",2019,"3C.2a1b.2b","A/Kansas/14/2017","NODE_0000382","T212A"
"1160",2019,"3C.2a1b.2b","A/Kansas/14/2017","NODE_0000382","V223I"
"1161",2019,"3C.2a1b.2b","A/Kansas/14/2017","NODE_0000382","N312S"
"1162",2019,"3C.2a1b.2b","A/Kansas/14/2017","NODE_0000382","K173Q"
"1163",2019,"3C.2a1b.2b","A/Kansas/14/2017","NODE_0000382","N189K"
"1164",2019,"3C.3a1","A/Kansas/14/2017","NODE_0000086","L3I"
"1165",2019,"3C.3a1","A/Kansas/14/2017","NODE_0000086","S91N"
"1166",2019,"3C.3a1","A/Kansas/14/2017","NODE_0000086","N144K"
"1167",2019,"3C.3a1","A/Kansas/14/2017","NODE_0000086","F193S"
"1168",2019,"3C.3a1","A/Kansas/14/2017","NODE_0000086","F159S"
"1169",2019,"3C.3a1","A/Kansas/14/2017","NODE_0000086","A138S"
"1170",2019,"3C.3a1","A/Kansas/14/2017","NODE_0000086","N225D"
"1171",2019,"3C.3a1","A/Kansas/14/2017","NODE_0000086","K326R"
"1172",2019,"3C.3a1","A/Kansas/14/2017","NODE_0000086","T128A"
"1173",2019,"3C.3a1","A/Kansas/14/2017","NODE_0000086","R142G"
"1174",2019,"3C.3a1","A/Kansas/14/2017","NODE_0000086","N145S"
"1175",2019,"3C.3a1","A/Kansas/14/2017","NODE_0000086","Q33R"
"1176",2019,"3C.3a1","A/Kansas/14/2017","NODE_0000086","N278K"
"1177",2019,"3C.3a1","A/Kansas/14/2017","NODE_0000086","S45N"
"1178",2019,"3C.3a1","A/Kansas/14/2017","NODE_0000086","T48I"
"1179",2019,"3C.3a1","A/Kansas/14/2017","NODE_0000086","A198S"
"1180",2019,"3C.3a1","A/Kansas/14/2017","NODE_0000086","T212A"
"1181",2019,"3C.3a1","A/Kansas/14/2017","NODE_0000086","V223I"
"1182",2019,"3C.3a1","A/Kansas/14/2017","NODE_0000086","N312S"
"1183",2019,"3C.3a1","A/Kansas/14/2017","NODE_0000086","K173Q"
"1184",2019,"3C.3a1","A/Kansas/14/2017","NODE_0000086","N189K"
